# description	TCRex prediction for epitope(s) WT1-126_count1, WT1-37_count1
# input files	HD1.tsv
# TCR repertoire size	295
# version	2021-08-11
# IMGT parsing	Yes
# submission time	2022-04-13 10:47:48
TRBV_gene	CDR3_beta	TRBJ_gene	epitope	pathology	score	bpr
TRBV16	CASSQGAYEQYF	TRBJ02-07	WT1-37_count1	AML	0.53	0.00065
TRBV12-04	CASTLGQYTEAFF	TRBJ01-01	WT1-126_count1	AML	0.38	0.00152
TRBV05-01	CASSFGLASDTQYF	TRBJ02-03	WT1-126_count1	AML	0.37	0.00182
TRBV27	CASSLGTSWEDTQYF	TRBJ02-03	WT1-126_count1	AML	0.36	0.00222
TRBV12-03	CASSFFSFNEQFF	TRBJ02-01	WT1-126_count1	AML	0.34	0.00329
TRBV12-04	CASSLGGGADTQYF	TRBJ02-03	WT1-126_count1	AML	0.33	0.00412
TRBV29-01	CSVTTYEQYF	TRBJ02-07	WT1-37_count1	AML	0.38	0.00509
TRBV27	CASSFYPYNEQFF	TRBJ02-01	WT1-126_count1	AML	0.32	0.00521
TRBV18	CASSRRDPHNEQFF	TRBJ02-01	WT1-37_count1	AML	0.34	0.00856
TRBV27	CASSLGTSWEDTQYF	TRBJ02-03	WT1-37_count1	AML	0.34	0.00856
TRBV20-01	CSASSGGTSTDTQYF	TRBJ02-03	WT1-126_count1	AML	0.29	0.00938
TRBV05-04	CASSFVRGHEQFF	TRBJ02-01	WT1-126_count1	AML	0.29	0.00938
TRBV12-03	CASSFFSFNEQFF	TRBJ02-01	WT1-37_count1	AML	0.33	0.00956
TRBV24-01	CATSDWGRSTDTQYF	TRBJ02-03	WT1-126_count1	AML	0.26	0.01692
TRBV04-03	CASSQDLVGAKNIQYF	TRBJ02-04	WT1-126_count1	AML	0.26	0.01692
TRBV12-04	CASSLVWDTEAFF	TRBJ01-01	WT1-126_count1	AML	0.26	0.01692
TRBV12-03	CASSSTRGRSETQYF	TRBJ02-05	WT1-126_count1	AML	0.24	0.02418
TRBV07-09	CASSYGTSGSEQYF	TRBJ02-07	WT1-37_count1	AML	0.26	0.02473
TRBV07-08	CASSKTGYEQYF	TRBJ02-07	WT1-37_count1	AML	0.26	0.02473
TRBV04-01	CASSPTTAYEQYF	TRBJ02-07	WT1-37_count1	AML	0.26	0.02473
TRBV03-01	CASSDPNNEQFF	TRBJ02-01	WT1-37_count1	AML	0.26	0.02473
TRBV05-04	CASSLKDSYNEQFF	TRBJ02-01	WT1-126_count1	AML	0.23	0.02897
TRBV04-02	CASSQAGGANVLTF	TRBJ02-06	WT1-37_count1	AML	0.24	0.03344
TRBV03-01	CASSQAGGGGWGEQYF	TRBJ02-07	WT1-37_count1	AML	0.24	0.03344
TRBV07-09	CASSLAGEREAFF	TRBJ01-01	WT1-126_count1	AML	0.22	0.03515
TRBV05-01	CASSSTSGGEETQYF	TRBJ02-05	WT1-126_count1	AML	0.22	0.03515
TRBV09	CASSAHSTDTQYF	TRBJ02-03	WT1-126_count1	AML	0.22	0.03515
TRBV20-01	CSAQTWDRGREQYF	TRBJ02-07	WT1-37_count1	AML	0.23	0.03869
TRBV05-01	CASSLEGDRPQHF	TRBJ01-05	WT1-126_count1	AML	0.21	0.0425
TRBV05-06	CASSLESGGGKNIQYF	TRBJ02-04	WT1-126_count1	AML	0.21	0.0425
TRBV07-03	CASRFNGGNQETQYF	TRBJ02-05	WT1-126_count1	AML	0.21	0.0425
TRBV10-03	CAISTGAYEQYF	TRBJ02-07	WT1-37_count1	AML	0.22	0.04502
TRBV03-01	CASSQPQGVGNNEQFF	TRBJ02-01	WT1-37_count1	AML	0.22	0.04502
TRBV10-03	CAISPGSEAFF	TRBJ01-01	WT1-126_count1	AML	0.2	0.0506
TRBV10-03	CAISEPRLAPADTQYF	TRBJ02-03	WT1-126_count1	AML	0.2	0.0506
TRBV07-09	CASSLDGDWGRDTQYF	TRBJ02-03	WT1-126_count1	AML	0.2	0.0506
TRBV12-04	CASTLGQYTEAFF	TRBJ01-01	WT1-37_count1	AML	0.21	0.05221
TRBV07-09	CASTILPSRDGEQYF	TRBJ02-07	WT1-37_count1	AML	0.21	0.05221
TRBV30	CAWRAELLMNTGELFF	TRBJ02-02	WT1-37_count1	AML	0.21	0.05221
TRBV07-09	CASSPPPERAFF	TRBJ01-01	WT1-126_count1	AML	0.19	0.06044
TRBV07-09	CASTILPSRDGEQYF	TRBJ02-07	WT1-126_count1	AML	0.19	0.06044
TRBV12-04	CASSLGGREAFF	TRBJ01-01	WT1-37_count1	AML	0.2	0.06069
TRBV04-02	CASKYGTEAFEQYF	TRBJ02-07	WT1-37_count1	AML	0.19	0.07057
TRBV02	CASRYRVTGELFF	TRBJ02-02	WT1-37_count1	AML	0.19	0.07057
TRBV12-04	CASTGSLTDSYEQYF	TRBJ02-07	WT1-37_count1	AML	0.19	0.07057
TRBV09	CASSVGSLGANVLTF	TRBJ02-06	WT1-37_count1	AML	0.19	0.07057
TRBV12-03	CASSSTRGRSETQYF	TRBJ02-05	WT1-37_count1	AML	0.19	0.07057
TRBV29-01	CSGWGEAGEQYF	TRBJ02-07	WT1-37_count1	AML	0.19	0.07057
TRBV12-04	CASSLGGREAFF	TRBJ01-01	WT1-126_count1	AML	0.18	0.07199
TRBV30	CAWSADLGVQETQYF	TRBJ02-05	WT1-126_count1	AML	0.18	0.07199
TRBV20-01	CSARVTEYEQYF	TRBJ02-07	WT1-126_count1	AML	0.18	0.07199
TRBV07-08	CASSLAPDEQFF	TRBJ02-01	WT1-37_count1	AML	0.18	0.08289
TRBV02	CASTAQGPTGEQYF	TRBJ02-07	WT1-37_count1	AML	0.18	0.08289
TRBV19	CASKPDRANTEAFF	TRBJ01-01	WT1-37_count1	AML	0.18	0.08289
TRBV30	CAWDGGLSSGANVLTF	TRBJ02-06	WT1-37_count1	AML	0.18	0.08289
TRBV15	CATGNYSAYEQFF	TRBJ02-01	WT1-37_count1	AML	0.18	0.08289
TRBV09	CASSPTRVSYEQYF	TRBJ02-07	WT1-126_count1	AML	0.17	0.08583
TRBV12-03	CASSLLSSASPLHF	TRBJ01-06	WT1-37_count1	AML	0.17	0.09805
TRBV24-01	CATSDWGRSTDTQYF	TRBJ02-03	WT1-37_count1	AML	0.17	0.09805
TRBV06-05	CASSNNRGTSSYNSPLHF	TRBJ01-06	WT1-37_count1	AML	0.17	0.09805
TRBV05-05	CASSADRAVYEQYF	TRBJ02-07	WT1-37_count1	AML	0.17	0.09805
TRBV03-01	CASSLRGLGNIQYF	TRBJ02-04	WT1-37_count1	AML	0.17	0.09805
TRBV05-04	CASSLKDSYNEQFF	TRBJ02-01	WT1-37_count1	AML	0.17	0.09805
TRBV05-04	CASSPGTAQDYEQYF	TRBJ02-07	WT1-37_count1	AML	0.17	0.09805
TRBV05-01	CASSFMGNTEAFF	TRBJ01-01	WT1-126_count1	AML	0.16	0.1017
TRBV29-01	CSVQPGNTEAFF	TRBJ01-01	WT1-126_count1	AML	0.16	0.1017
TRBV05-01	CASSLDQTDIQYF	TRBJ02-04	WT1-126_count1	AML	0.16	0.1017
TRBV15	CATSSWTGEGTQYF	TRBJ02-05	WT1-126_count1	AML	0.16	0.1017
TRBV04-01	CASSPTTAYEQYF	TRBJ02-07	WT1-126_count1	AML	0.16	0.1017
TRBV07-06	CASSFGGSLDTEAFF	TRBJ01-01	WT1-126_count1	AML	0.16	0.1017
TRBV11-02	CASSHLRDSTYEQYF	TRBJ02-07	WT1-126_count1	AML	0.16	0.1017
TRBV04-01	CASSQSSQGLTEAFF	TRBJ01-01	WT1-37_count1	AML	0.16	0.11464
TRBV20-01	CSALSGSTEAFF	TRBJ01-01	WT1-37_count1	AML	0.16	0.11464
TRBV12-03	CASSSAHYGYTF	TRBJ01-02	WT1-37_count1	AML	0.16	0.11464
TRBV19	CASSIGTPKSYEQYF	TRBJ02-07	WT1-37_count1	AML	0.16	0.11464
TRBV27	CASSFYPYNEQFF	TRBJ02-01	WT1-37_count1	AML	0.16	0.11464
TRBV06-05	CASSYLPETGRYEQYF	TRBJ02-07	WT1-126_count1	AML	0.15	0.12106
TRBV15	CATSRETGYEQYF	TRBJ02-07	WT1-126_count1	AML	0.15	0.12106
TRBV18	CASSPNNHVNTEAFF	TRBJ01-01	WT1-126_count1	AML	0.15	0.12106
TRBV07-08	CASSLAPDEQFF	TRBJ02-01	WT1-126_count1	AML	0.15	0.12106
TRBV04-01	CASSLFLAGGRADTQYF	TRBJ02-03	WT1-126_count1	AML	0.15	0.12106
TRBV06-05	CASSYSEGLYEQYF	TRBJ02-07	WT1-126_count1	AML	0.15	0.12106
TRBV07-06	CASSLGTGHTDTQYF	TRBJ02-03	WT1-126_count1	AML	0.15	0.12106
TRBV07-02	CASSFSLGGAPDTQYF	TRBJ02-03	WT1-126_count1	AML	0.15	0.12106
TRBV05-04	CASSAGLAMNEQYF	TRBJ02-07	WT1-126_count1	AML	0.15	0.12106
TRBV05-08	CASSSGTGPPGEQYF	TRBJ02-07	WT1-37_count1	AML	0.15	0.13535
TRBV12-03	CASSGRTGTSQPQHF	TRBJ01-05	WT1-37_count1	AML	0.15	0.13535
TRBV06-04	CASSESAGATDTQYF	TRBJ02-03	WT1-37_count1	AML	0.15	0.13535
TRBV19	CASKERTNTEAFF	TRBJ01-01	WT1-37_count1	AML	0.15	0.13535
TRBV24-01	CATSAVGQGYEQFF	TRBJ02-01	WT1-37_count1	AML	0.15	0.13535
TRBV02	CASSVRPYQNTEAFF	TRBJ01-01	WT1-126_count1	AML	0.14	0.14429
TRBV30	CAWTQGEYTEAFF	TRBJ01-01	WT1-126_count1	AML	0.14	0.14429
TRBV07-06	CASRSLLNTEAFF	TRBJ01-01	WT1-126_count1	AML	0.14	0.14429
TRBV20-01	CSASGNTEAFF	TRBJ01-01	WT1-126_count1	AML	0.14	0.14429
TRBV30	CAWSGSIGDRGAGELFF	TRBJ02-02	WT1-126_count1	AML	0.14	0.14429
TRBV29-01	CSGWGEAGEQYF	TRBJ02-07	WT1-126_count1	AML	0.14	0.14429
TRBV05-01	CASSLDQTDIQYF	TRBJ02-04	WT1-37_count1	AML	0.14	0.15862
TRBV04-03	CASSQGSGPGELFF	TRBJ02-02	WT1-37_count1	AML	0.14	0.15862
TRBV24-01	CATSDLGERAFF	TRBJ01-01	WT1-37_count1	AML	0.14	0.15862
TRBV29-01	CSVVLRSNQPQHF	TRBJ01-05	WT1-37_count1	AML	0.14	0.15862
TRBV05-01	CASSLGQNYGYTF	TRBJ01-02	WT1-37_count1	AML	0.14	0.15862
TRBV05-01	CASSLTRGSADTQYF	TRBJ02-03	WT1-37_count1	AML	0.14	0.15862
TRBV06-01	CASSPPGRYEQYF	TRBJ02-07	WT1-37_count1	AML	0.14	0.15862
TRBV05-01	CASSWGDNEQFF	TRBJ02-01	WT1-37_count1	AML	0.14	0.15862
TRBV03-01	CASSQPQGTEAFF	TRBJ01-01	WT1-126_count1	AML	0.13	0.17144
TRBV12-04	CASSFWTGPSQPQHF	TRBJ01-05	WT1-126_count1	AML	0.13	0.17144
TRBV05-01	CASSWSQGYYEQYF	TRBJ02-07	WT1-126_count1	AML	0.13	0.17144
TRBV30	CAWSTDDGGTEAFF	TRBJ01-01	WT1-126_count1	AML	0.13	0.17144
TRBV29-01	CSVVLRSNQPQHF	TRBJ01-05	WT1-126_count1	AML	0.13	0.17144
TRBV06-01	CASSPPGRYEQYF	TRBJ02-07	WT1-126_count1	AML	0.13	0.17144
TRBV06-05	CASSKRQGQTTEAFF	TRBJ01-01	WT1-37_count1	AML	0.13	0.18755
TRBV03-01	CASSRREAGAFF	TRBJ01-01	WT1-37_count1	AML	0.13	0.18755
TRBV04-03	CASSQVIGGTGSGANVLTF	TRBJ02-06	WT1-37_count1	AML	0.13	0.18755
TRBV03-01	CASSQIPGGHPQHF	TRBJ01-05	WT1-37_count1	AML	0.13	0.18755
TRBV29-01	CSVQPGNTEAFF	TRBJ01-01	WT1-37_count1	AML	0.13	0.18755
TRBV10-03	CAISPGSEAFF	TRBJ01-01	WT1-37_count1	AML	0.13	0.18755
TRBV03-01	CASSQPQGTEAFF	TRBJ01-01	WT1-37_count1	AML	0.13	0.18755
TRBV18	CASSGGSVAYEQYF	TRBJ02-07	WT1-37_count1	AML	0.13	0.18755
TRBV04-01	CASSQEAFNYEQYF	TRBJ02-07	WT1-37_count1	AML	0.13	0.18755
TRBV05-04	CASSLRDRAYEQYF	TRBJ02-07	WT1-37_count1	AML	0.13	0.18755
TRBV12-03	CASRPTLNTEAFF	TRBJ01-01	WT1-37_count1	AML	0.13	0.18755
TRBV05-04	CASSAGLAMNEQYF	TRBJ02-07	WT1-37_count1	AML	0.13	0.18755
TRBV12-04	CASNHIKTAMSSSSGQGPQGCANTGELFF	TRBJ02-02	WT1-37_count1	AML	0.13	0.18755
TRBV12-04	CASSFLGDINQPQHF	TRBJ01-05	WT1-37_count1	AML	0.13	0.18755
TRBV02	CASTAQGPTGEYF	TRBJ02-04	WT1-37_count1	AML	0.13	0.18755
TRBV07-08	CASSKTGYEQYF	TRBJ02-07	WT1-126_count1	AML	0.12	0.20422
TRBV07-02	CASSLAAGTEAFF	TRBJ01-01	WT1-126_count1	AML	0.12	0.20422
TRBV05-01	CASSLRDENTEAFF	TRBJ01-01	WT1-126_count1	AML	0.12	0.20422
TRBV05-01	CASSLFSGDPTNEKLFF	TRBJ01-04	WT1-126_count1	AML	0.12	0.20422
TRBV25-01	CASGLGWGGTEAFF	TRBJ01-01	WT1-126_count1	AML	0.12	0.20422
TRBV04-02	CASSPQLAGDYNEQFF	TRBJ02-01	WT1-126_count1	AML	0.12	0.20422
TRBV02	CASRYRVTGELFF	TRBJ02-02	WT1-126_count1	AML	0.12	0.20422
TRBV05-01	CASSLTRGSADTQYF	TRBJ02-03	WT1-126_count1	AML	0.12	0.20422
TRBV07-09	CASSSDSLEQYTEAFF	TRBJ01-01	WT1-126_count1	AML	0.12	0.20422
TRBV05-01	CASSWGETLYF	TRBJ02-05	WT1-126_count1	AML	0.12	0.20422
TRBV06-04	CASSDSTTDTQYF	TRBJ02-03	WT1-37_count1	AML	0.12	0.22085
TRBV07-02	CASRSGGNQPQHF	TRBJ01-05	WT1-37_count1	AML	0.12	0.22085
TRBV07-08	CASSLERLVSNEQFF	TRBJ02-01	WT1-37_count1	AML	0.12	0.22085
TRBV06-06	CASTHWRDRSTDTQYF	TRBJ02-03	WT1-37_count1	AML	0.12	0.22085
TRBV07-09	CASSLDGDWGRDTQYF	TRBJ02-03	WT1-37_count1	AML	0.12	0.22085
TRBV25-01	CASRDHGQAYEQYF	TRBJ02-07	WT1-37_count1	AML	0.12	0.22085
TRBV02	CASTGDSDTQYF	TRBJ02-03	WT1-37_count1	AML	0.12	0.22085
TRBV18	CASSQLANEQFF	TRBJ02-01	WT1-37_count1	AML	0.12	0.22085
TRBV11-02	CASSHLRDSTYEQYF	TRBJ02-07	WT1-37_count1	AML	0.12	0.22085
TRBV09	CASSGSLSGGNNEQFF	TRBJ02-01	WT1-37_count1	AML	0.12	0.22085
TRBV04-02	CASSQAGGASYEQYF	TRBJ02-07	WT1-37_count1	AML	0.12	0.22085
TRBV28	CASTTFSDRGAGELFF	TRBJ02-02	WT1-37_count1	AML	0.12	0.22085
TRBV15	CATREEGNTIYF	TRBJ01-03	WT1-126_count1	AML	0.11	0.2421
TRBV07-02	CASSLVRGDQPQHF	TRBJ01-05	WT1-126_count1	AML	0.11	0.2421
TRBV30	CAWSVGLGATIGQYF	TRBJ02-07	WT1-126_count1	AML	0.11	0.2421
TRBV05-04	CASSPGTAQDYEQYF	TRBJ02-07	WT1-126_count1	AML	0.11	0.2421
TRBV12-04	CASRGVHYGYTF	TRBJ01-02	WT1-126_count1	AML	0.11	0.2421
TRBV15	CATGNYSAYEQFF	TRBJ02-01	WT1-126_count1	AML	0.11	0.2421
TRBV07-02	CASSPTVGDTQYF	TRBJ02-05	WT1-126_count1	AML	0.11	0.2421
TRBV20-01	CSAQSWGDNEQFF	TRBJ02-01	WT1-126_count1	AML	0.11	0.2421
TRBV29-01	CSVAWTGHSPLHF	TRBJ01-06	WT1-126_count1	AML	0.11	0.2421
TRBV02	CASSVRPYQNTEAFF	TRBJ01-01	WT1-37_count1	AML	0.11	0.26043
TRBV28	CASATGYEKLFF	TRBJ01-04	WT1-37_count1	AML	0.11	0.26043
TRBV06-05	CASSYLPETGRYEQYF	TRBJ02-07	WT1-37_count1	AML	0.11	0.26043
TRBV19	CASSIGFVVQHF	TRBJ01-05	WT1-37_count1	AML	0.11	0.26043
TRBV29-01	CSWSLSGTQYF	TRBJ02-05	WT1-37_count1	AML	0.11	0.26043
TRBV20-01	CSASNRQGGYTEAFF	TRBJ01-01	WT1-37_count1	AML	0.11	0.26043
TRBV07-09	CASSPPPERAFF	TRBJ01-01	WT1-37_count1	AML	0.11	0.26043
TRBV27	CASSSVRTVLLYGYTF	TRBJ01-02	WT1-37_count1	AML	0.11	0.26043
TRBV07-02	CASSSSGLAGYEQYF	TRBJ02-07	WT1-37_count1	AML	0.11	0.26043
TRBV07-08	CASSSRAVGSSYNSPLHF	TRBJ01-06	WT1-37_count1	AML	0.11	0.26043
TRBV25-01	CASSEYGGQVLPVHYEKLFF	TRBJ01-04	WT1-37_count1	AML	0.11	0.26043
TRBV05-04	CASSFVRGHEQFF	TRBJ02-01	WT1-37_count1	AML	0.11	0.26043
TRBV09	CASSAHSTDTQYF	TRBJ02-03	WT1-37_count1	AML	0.11	0.26043
TRBV12-04	CASSLGGGADTQYF	TRBJ02-03	WT1-37_count1	AML	0.11	0.26043
TRBV07-03	CASRFNGGGLAPTNTGELFF	TRBJ02-02	WT1-37_count1	AML	0.11	0.26043
TRBV07-02	CASSPTVGDTQYF	TRBJ02-05	WT1-37_count1	AML	0.11	0.26043
TRBV03-01	CASSQGTSSSSTDTQYF	TRBJ02-03	WT1-126_count1	AML	0.1	0.28798
TRBV05-06	CATSQDRAYEQYF	TRBJ02-07	WT1-126_count1	AML	0.1	0.28798
TRBV07-09	CASSYGTSGSEQYF	TRBJ02-07	WT1-126_count1	AML	0.1	0.28798
TRBV04-03	CASREQGATEAFF	TRBJ01-01	WT1-126_count1	AML	0.1	0.28798
TRBV05-06	CASSLLSGGNEQFF	TRBJ02-01	WT1-126_count1	AML	0.1	0.28798
TRBV12-03	CASSSAHYGYTF	TRBJ01-02	WT1-126_count1	AML	0.1	0.28798
TRBV07-02	CASRGATYEQYF	TRBJ02-07	WT1-126_count1	AML	0.1	0.28798
TRBV09	CASGAGDTNEKLFF	TRBJ01-04	WT1-126_count1	AML	0.1	0.28798
TRBV05-01	CASSFDGQIYNSPLHF	TRBJ01-06	WT1-126_count1	AML	0.1	0.28798
TRBV05-06	CASSTRWWGVKGYEQYF	TRBJ02-07	WT1-126_count1	AML	0.1	0.28798
TRBV05-04	CASSLKRGTQYF	TRBJ02-03	WT1-126_count1	AML	0.1	0.28798
TRBV30	CAWDGGLSSGANVLTF	TRBJ02-06	WT1-126_count1	AML	0.1	0.28798
TRBV20-01	CSASPSGLRKDTQYF	TRBJ02-03	WT1-126_count1	AML	0.1	0.28798
TRBV19	CASRLSGDTQYF	TRBJ02-03	WT1-126_count1	AML	0.1	0.28798
TRBV03-01	CASSQGTSSSSTDTQYF	TRBJ02-03	WT1-37_count1	AML	0.1	0.3064
TRBV20-01	CSATRTGGNIQYF	TRBJ02-04	WT1-37_count1	AML	0.1	0.3064
TRBV05-01	CASSLDRESGYGYTF	TRBJ01-02	WT1-37_count1	AML	0.1	0.3064
TRBV25-01	CASGLGWGGTEAFF	TRBJ01-01	WT1-37_count1	AML	0.1	0.3064
TRBV15	CATSSWTGEGTQYF	TRBJ02-05	WT1-37_count1	AML	0.1	0.3064
TRBV30	CAWSGSIGDRGAGELFF	TRBJ02-02	WT1-37_count1	AML	0.1	0.3064
TRBV12-04	CASSFWTGPSQPQHF	TRBJ01-05	WT1-37_count1	AML	0.1	0.3064
TRBV05-05	CASSSHNRVVEQYF	TRBJ02-07	WT1-37_count1	AML	0.1	0.3064
TRBV27	CASSRVSEKNSPLHF	TRBJ01-06	WT1-37_count1	AML	0.1	0.3064
TRBV05-06	CASSTRWWGVKGYEQYF	TRBJ02-07	WT1-37_count1	AML	0.1	0.3064
TRBV07-02	CASSLGAYYGYTF	TRBJ01-02	WT1-37_count1	AML	0.1	0.3064
TRBV07-08	CASSLESGQGSYEQYF	TRBJ02-07	WT1-37_count1	AML	0.1	0.3064
TRBV07-02	CASSFSLGGAPDTQYF	TRBJ02-03	WT1-37_count1	AML	0.1	0.3064
TRBV06-06	CASSDRDNYGYTF	TRBJ01-02	WT1-37_count1	AML	0.1	0.3064
TRBV07-02	CASSLERGTSGRFQFF	TRBJ02-01	WT1-37_count1	AML	0.1	0.3064
TRBV05-01	CASSLGQGRETQYF	TRBJ02-05	WT1-126_count1	AML	0.09	0.3415
TRBV05-01	CASSWGDYNEQFF	TRBJ02-01	WT1-126_count1	AML	0.09	0.3415
TRBV07-09	CASSSDSLEQYF	TRBJ02-07	WT1-126_count1	AML	0.09	0.3415
TRBV07-08	CASSLERLVSNEQFF	TRBJ02-01	WT1-126_count1	AML	0.09	0.3415
TRBV04-02	CASKYGTEAFEQYF	TRBJ02-07	WT1-126_count1	AML	0.09	0.3415
TRBV05-05	CASSSHNRVVEQYF	TRBJ02-07	WT1-126_count1	AML	0.09	0.3415
TRBV30	CAWRAELLMNTGELFF	TRBJ02-02	WT1-126_count1	AML	0.09	0.3415
TRBV06-04	CASSEGAKDTQYF	TRBJ02-03	WT1-126_count1	AML	0.09	0.3415
TRBV07-02	CASNPTRAEGSSYNSPLHF	TRBJ01-06	WT1-126_count1	AML	0.09	0.3415
TRBV05-01	CASSWSLGLQAVSTDTQYF	TRBJ02-03	WT1-126_count1	AML	0.09	0.3415
TRBV28	CASTTFSDRGAGELFF	TRBJ02-02	WT1-126_count1	AML	0.09	0.3415
TRBV07-02	CASSYTGMSNQPQHF	TRBJ01-05	WT1-37_count1	AML	0.09	0.3584
TRBV05-05	CARSTRIRDGKNTEAFF	TRBJ01-01	WT1-37_count1	AML	0.09	0.3584
TRBV06-06	CASSAIQGASYEQYF	TRBJ02-07	WT1-37_count1	AML	0.09	0.3584
TRBV20-01	CSARPPDRVGAFF	TRBJ01-01	WT1-37_count1	AML	0.09	0.3584
TRBV07-04	CASRFTNRGQGAPEAFF	TRBJ01-01	WT1-37_count1	AML	0.09	0.3584
TRBV12-04	CASSLVWDTEAFF	TRBJ01-01	WT1-37_count1	AML	0.09	0.3584
TRBV05-01	CASSWGDYNEQFF	TRBJ02-01	WT1-37_count1	AML	0.09	0.3584
TRBV20-01	CSAIRPGQGGFWRNTEAFF	TRBJ01-01	WT1-37_count1	AML	0.09	0.3584
TRBV07-02	CASSSKPGELFF	TRBJ02-02	WT1-37_count1	AML	0.09	0.3584
TRBV07-02	CASSLGRTNYGYTF	TRBJ01-02	WT1-37_count1	AML	0.09	0.3584
TRBV06-05	CASSYSGPRDYRPFQETQYF	TRBJ02-05	WT1-37_count1	AML	0.09	0.3584
TRBV11-02	CASSLVRSRGNIQYF	TRBJ02-04	WT1-37_count1	AML	0.09	0.3584
TRBV30	CAWSADLGVQETQYF	TRBJ02-05	WT1-37_count1	AML	0.09	0.3584
TRBV12-04	CASVRFSSYNEQFF	TRBJ02-01	WT1-37_count1	AML	0.09	0.3584
TRBV07-07	CASSHLTGANTGELFF	TRBJ02-02	WT1-37_count1	AML	0.09	0.3584
TRBV19	CASRLSGDTQYF	TRBJ02-03	WT1-37_count1	AML	0.09	0.3584
TRBV06-06	CASRPTPAGGTGEQYF	TRBJ02-07	WT1-37_count1	AML	0.09	0.3584
TRBV07-09	CASSSDSLEQYTEAFF	TRBJ01-01	WT1-37_count1	AML	0.09	0.3584
TRBV07-02	CASSPVGRDEKLFF	TRBJ01-04	WT1-126_count1	AML	0.08	0.40511
TRBV12-03	CASSLLSSASPLHF	TRBJ01-06	WT1-126_count1	AML	0.08	0.40511
TRBV12-04	CASRPDSPYGYTF	TRBJ01-02	WT1-126_count1	AML	0.08	0.40511
TRBV28	CASATGYEKLFF	TRBJ01-04	WT1-126_count1	AML	0.08	0.40511
TRBV19	CASSIGFVVQHF	TRBJ01-05	WT1-126_count1	AML	0.08	0.40511
TRBV20-01	CSARPPDRVGAFF	TRBJ01-01	WT1-126_count1	AML	0.08	0.40511
TRBV05-01	CASTTGDRETQYF	TRBJ02-05	WT1-126_count1	AML	0.08	0.40511
TRBV05-01	CASSPNPGTPNSPLHF	TRBJ01-06	WT1-126_count1	AML	0.08	0.40511
TRBV05-05	CASSLVQETQYF	TRBJ02-05	WT1-126_count1	AML	0.08	0.40511
TRBV20-01	CSAQTWDRGREQYF	TRBJ02-07	WT1-126_count1	AML	0.08	0.40511
TRBV07-04	CASRFNGWGNQETQYF	TRBJ02-05	WT1-126_count1	AML	0.08	0.40511
TRBV05-05	CASSADRAVYEQYF	TRBJ02-07	WT1-126_count1	AML	0.08	0.40511
TRBV07-02	CASSRQSSEEEKLFF	TRBJ01-04	WT1-126_count1	AML	0.08	0.40511
TRBV07-02	CASSLGAYYGYTF	TRBJ01-02	WT1-126_count1	AML	0.08	0.40511
TRBV14	CASSQDPAGLSPLHF	TRBJ01-06	WT1-126_count1	AML	0.08	0.40511
TRBV06-05	CASSRLGRGDNQPQHF	TRBJ01-05	WT1-126_count1	AML	0.08	0.40511
TRBV06-01	CASSDPRGASRDGYTF	TRBJ01-02	WT1-126_count1	AML	0.08	0.40511
TRBV05-01	CASSWGDNEQFF	TRBJ02-01	WT1-126_count1	AML	0.08	0.40511
TRBV30	CAWGNRGPEAFF	TRBJ01-01	WT1-37_count1	AML	0.08	0.41676
TRBV05-06	CATSQDRAYEQYF	TRBJ02-07	WT1-37_count1	AML	0.08	0.41676
TRBV06-05	CASTERGRGEAFF	TRBJ01-01	WT1-37_count1	AML	0.08	0.41676
TRBV07-09	CASSLERPPEIQGSYNEQFF	TRBJ02-01	WT1-37_count1	AML	0.08	0.41676
TRBV10-03	CAISGRTDGRPQHF	TRBJ01-05	WT1-37_count1	AML	0.08	0.41676
TRBV05-01	CASSFGLASDTQYF	TRBJ02-03	WT1-37_count1	AML	0.08	0.41676
TRBV05-01	CASSLGTSGGNNEQFF	TRBJ02-01	WT1-37_count1	AML	0.08	0.41676
TRBV20-01	CSARTSQGHTEAFF	TRBJ01-01	WT1-37_count1	AML	0.08	0.41676
TRBV07-09	CASSSDSLEQYF	TRBJ02-07	WT1-37_count1	AML	0.08	0.41676
TRBV20-01	CSARDSHRNTIYF	TRBJ01-03	WT1-37_count1	AML	0.08	0.41676
TRBV30	CACQAGGGYGYTF	TRBJ01-02	WT1-37_count1	AML	0.08	0.41676
TRBV30	CAWSVGLGATIGQYF	TRBJ02-07	WT1-37_count1	AML	0.08	0.41676
TRBV06-05	CASSMKHSAGANVLTF	TRBJ02-06	WT1-37_count1	AML	0.08	0.41676
TRBV09	CASSVEVRGANNEQFF	TRBJ02-01	WT1-37_count1	AML	0.08	0.41676
TRBV07-02	CASSLTGQEIYGYTF	TRBJ01-02	WT1-37_count1	AML	0.08	0.41676
TRBV05-01	CASSWGETLYF	TRBJ02-05	WT1-37_count1	AML	0.08	0.41676
TRBV05-01	CASSWSLGLQAVSTDTQYF	TRBJ02-03	WT1-37_count1	AML	0.08	0.41676
TRBV05-05	CARSTRIRDGKNTEAFF	TRBJ01-01	WT1-126_count1	AML	0.07	0.47741
TRBV06-04	CASSDSTTDTQYF	TRBJ02-03	WT1-126_count1	AML	0.07	0.47741
TRBV03-01	CASSQIPGGHPQHF	TRBJ01-05	WT1-126_count1	AML	0.07	0.47741
TRBV12-04	CASSLTTGSGGYTF	TRBJ01-02	WT1-126_count1	AML	0.07	0.47741
TRBV20-01	CSALSGSTEAFF	TRBJ01-01	WT1-126_count1	AML	0.07	0.47741
TRBV07-09	CASSLERPPEIQGSYNEQFF	TRBJ02-01	WT1-126_count1	AML	0.07	0.47741
TRBV29-01	CSWSLSGTQYF	TRBJ02-05	WT1-126_count1	AML	0.07	0.47741
TRBV07-02	CASNPTRAEEAFF	TRBJ01-01	WT1-126_count1	AML	0.07	0.47741
TRBV07-04	CASRFTNRGQGAPEAFF	TRBJ01-01	WT1-126_count1	AML	0.07	0.47741
TRBV12-03	CASSGRTGTSQPQHF	TRBJ01-05	WT1-126_count1	AML	0.07	0.47741
TRBV05-01	CASSFPAGKPYF	TRBJ02-07	WT1-126_count1	AML	0.07	0.47741
TRBV04-03	CASSQGSGPGELFF	TRBJ02-02	WT1-126_count1	AML	0.07	0.47741
TRBV15	CATSRFNTQYF	TRBJ02-03	WT1-126_count1	AML	0.07	0.47741
TRBV10-03	CAIGWKNTEAFF	TRBJ01-01	WT1-126_count1	AML	0.07	0.47741
TRBV03-01	CASSQSGTREYF	TRBJ02-05	WT1-126_count1	AML	0.07	0.47741
TRBV27	CASSSVRTVLLYGYTF	TRBJ01-02	WT1-126_count1	AML	0.07	0.47741
TRBV20-01	CSARDSHRNTIYF	TRBJ01-03	WT1-126_count1	AML	0.07	0.47741
TRBV03-01	CASSLRGLGNIQYF	TRBJ02-04	WT1-126_count1	AML	0.07	0.47741
TRBV06-05	CASSYSGPRDYRPFQETQYF	TRBJ02-05	WT1-126_count1	AML	0.07	0.47741
TRBV02	CASTGDSDTQYF	TRBJ02-03	WT1-126_count1	AML	0.07	0.47741
TRBV06-06	CASSDRDNYGYTF	TRBJ01-02	WT1-126_count1	AML	0.07	0.47741
TRBV12-03	CASRPTLNTEAFF	TRBJ01-01	WT1-126_count1	AML	0.07	0.47741
TRBV06-05	CASSMKHSAGANVLTF	TRBJ02-06	WT1-126_count1	AML	0.07	0.47741
TRBV16	CASSQGAYEQYF	TRBJ02-07	WT1-126_count1	AML	0.07	0.47741
TRBV03-01	CASSDPNNEQFF	TRBJ02-01	WT1-126_count1	AML	0.07	0.47741
TRBV12-04	CASSLDPTGTEAFF	TRBJ01-01	WT1-126_count1	AML	0.07	0.47741
TRBV18	CASSPQGYTEAFF	TRBJ01-01	WT1-126_count1	AML	0.07	0.47741
TRBV29-01	CSVAWTGPGGYTF	TRBJ01-02	WT1-37_count1	AML	0.07	0.48249
TRBV12-04	CASRPDSPYGYTF	TRBJ01-02	WT1-37_count1	AML	0.07	0.48249
TRBV02	CASSEQGKITEAFF	TRBJ01-01	WT1-37_count1	AML	0.07	0.48249
TRBV06-05	CASSPGSESSEQYF	TRBJ02-03	WT1-37_count1	AML	0.07	0.48249
TRBV20-01	CSATGTGHSPLHF	TRBJ01-06	WT1-37_count1	AML	0.07	0.48249
TRBV12-04	CASSPTLGNPSPLHF	TRBJ01-06	WT1-37_count1	AML	0.07	0.48249
TRBV04-03	CASREQGATEAFF	TRBJ01-01	WT1-37_count1	AML	0.07	0.48249
TRBV03-01	CASSRPGLLNYGYTF	TRBJ01-02	WT1-37_count1	AML	0.07	0.48249
TRBV05-05	CASSMGGQGEAFF	TRBJ01-01	WT1-37_count1	AML	0.07	0.48249
TRBV15	CATSRFNTQYF	TRBJ02-03	WT1-37_count1	AML	0.07	0.48249
TRBV02	CASTTRGETQYF	TRBJ02-05	WT1-37_count1	AML	0.07	0.48249
TRBV09	CASSGSLSGVNTGELFF	TRBJ02-02	WT1-37_count1	AML	0.07	0.48249
TRBV09	CASGAGDTNEKLFF	TRBJ01-04	WT1-37_count1	AML	0.07	0.48249
TRBV12-04	CASSLDPTGGGAFF	TRBJ01-01	WT1-37_count1	AML	0.07	0.48249
TRBV07-04	CASRFNGWGNQETQYF	TRBJ02-05	WT1-37_count1	AML	0.07	0.48249
TRBV07-06	CASSLGTGHTDTQYF	TRBJ02-03	WT1-37_count1	AML	0.07	0.48249
TRBV09	CASSPTRVSYEQYF	TRBJ02-07	WT1-37_count1	AML	0.07	0.48249
TRBV05-05	CASSLTLAGGTGELFF	TRBJ02-02	WT1-37_count1	AML	0.07	0.48249
TRBV20-01	CSASPILRTAEAFF	TRBJ01-01	WT1-37_count1	AML	0.07	0.48249
TRBV20-01	CSASPSGLRKDTQYF	TRBJ02-03	WT1-37_count1	AML	0.07	0.48249
TRBV06-06	CASSYSGTGGVFRSEQYF	TRBJ02-07	WT1-37_count1	AML	0.07	0.48249
TRBV07-02	CASNPTRAEGSSYNSPLHF	TRBJ01-06	WT1-37_count1	AML	0.07	0.48249
TRBV07-02	CASSLASGANEQFF	TRBJ02-01	WT1-37_count1	AML	0.07	0.48249
TRBV04-02	CASSQGTGGASRDGYTF	TRBJ01-02	WT1-37_count1	AML	0.07	0.48249
TRBV20-01	CSAQSWGDNEQFF	TRBJ02-01	WT1-37_count1	AML	0.07	0.48249
TRBV07-09	CASSLAGEREAFF	TRBJ01-01	WT1-37_count1	AML	0.06	0.55724
TRBV24-01	CATSDRIPGQEIYGYTF	TRBJ01-02	WT1-37_count1	AML	0.06	0.55724
TRBV30	CAWSEGGFGQPQHF	TRBJ01-05	WT1-37_count1	AML	0.06	0.55724
TRBV06-06	CASSYSAGQGAVEQFF	TRBJ02-01	WT1-37_count1	AML	0.06	0.55724
TRBV07-02	CASSLASGGNTGELFF	TRBJ02-02	WT1-37_count1	AML	0.06	0.55724
TRBV06-06	CASTEGANTEAFF	TRBJ01-01	WT1-37_count1	AML	0.06	0.55724
TRBV05-01	CASSLRDENTEAFF	TRBJ01-01	WT1-37_count1	AML	0.06	0.55724
TRBV20-01	CSAKAGGGIGNTIYF	TRBJ01-03	WT1-37_count1	AML	0.06	0.55724
TRBV18	CASSPNNHVNTEAFF	TRBJ01-01	WT1-37_count1	AML	0.06	0.55724
TRBV07-02	CASRGATYEQYF	TRBJ02-07	WT1-37_count1	AML	0.06	0.55724
TRBV03-01	CASSQVSGSYGYTF	TRBJ01-02	WT1-37_count1	AML	0.06	0.55724
TRBV10-03	CAIGWKNTEAFF	TRBJ01-01	WT1-37_count1	AML	0.06	0.55724
TRBV06-05	CASSYSEGLYEQYF	TRBJ02-07	WT1-37_count1	AML	0.06	0.55724
TRBV20-01	CSASTDTQYF	TRBJ02-03	WT1-37_count1	AML	0.06	0.55724
TRBV02	CASSSRTIGIYEQYF	TRBJ02-07	WT1-37_count1	AML	0.06	0.55724
TRBV05-01	CASSWSQGYYEQYF	TRBJ02-07	WT1-37_count1	AML	0.06	0.55724
TRBV19	CASSTSMNTEAFF	TRBJ01-01	WT1-37_count1	AML	0.06	0.55724
TRBV25-01	CASSERQHLGSPLHF	TRBJ01-06	WT1-37_count1	AML	0.06	0.55724
TRBV07-08	CASSSRTSGGAWNTGELFF	TRBJ02-02	WT1-37_count1	AML	0.06	0.55724
TRBV12-04	CASTDVGSPLHF	TRBJ01-06	WT1-37_count1	AML	0.06	0.55724
TRBV11-03	CASSTRGGTEAFF	TRBJ01-01	WT1-37_count1	AML	0.06	0.55724
TRBV07-02	CASSLRGTGPSYEQYF	TRBJ02-07	WT1-37_count1	AML	0.06	0.55724
TRBV05-01	CASSLDRGIEKLFFF	TRBJ01-04	WT1-37_count1	AML	0.06	0.55724
TRBV05-08	CASSSGTGPPGEQYF	TRBJ02-07	WT1-126_count1	AML	0.06	0.55889
TRBV06-05	CASTERGRGEAFF	TRBJ01-01	WT1-126_count1	AML	0.06	0.55889
TRBV10-03	CAISDSSFIHQPQHF	TRBJ01-05	WT1-126_count1	AML	0.06	0.55889
TRBV06-05	CATTGRGGSYNSPLHF	TRBJ01-06	WT1-126_count1	AML	0.06	0.55889
TRBV29-01	CSVTTYEQYF	TRBJ02-07	WT1-126_count1	AML	0.06	0.55889
TRBV11-02	CASSPPSDRLNSPLHF	TRBJ01-06	WT1-126_count1	AML	0.06	0.55889
TRBV27	CASSRVSEKNSPLHF	TRBJ01-06	WT1-126_count1	AML	0.06	0.55889
TRBV06-06	CASTHWRDRSTDTQYF	TRBJ02-03	WT1-126_count1	AML	0.06	0.55889
TRBV12-04	CASTGSLTDSYEQYF	TRBJ02-07	WT1-126_count1	AML	0.06	0.55889
TRBV25-01	CASSERQHLGSPLHF	TRBJ01-06	WT1-126_count1	AML	0.06	0.55889
TRBV07-08	CASSLESGQGSYEQYF	TRBJ02-07	WT1-126_count1	AML	0.06	0.55889
TRBV30	CACQAGGGYGYTF	TRBJ01-02	WT1-126_count1	AML	0.06	0.55889
TRBV12-04	CASVRFSSYNEQFF	TRBJ02-01	WT1-126_count1	AML	0.06	0.55889
TRBV11-03	CASSTRGGTEAFF	TRBJ01-01	WT1-126_count1	AML	0.06	0.55889
TRBV05-01	CASSLDRGIEKLFF	TRBJ01-04	WT1-126_count1	AML	0.06	0.55889
TRBV12-04	CASNHIKTAMSSSSGQGPQGCANTGELFF	TRBJ02-02	WT1-126_count1	AML	0.06	0.55889
TRBV12-04	CASSFLGDINQPQHF	TRBJ01-05	WT1-126_count1	AML	0.06	0.55889
TRBV20-01	CSAQTWDRGVRNYGYTF	TRBJ01-02	WT1-126_count1	AML	0.06	0.55889
TRBV05-01	CASSLEGDRPQHF	TRBJ01-05	WT1-37_count1	AML	0.05	0.63624
TRBV10-03	CAISESGSFYEKLFF	TRBJ01-04	WT1-37_count1	AML	0.05	0.63624
TRBV10-03	CAISDSSFIHQPQHF	TRBJ01-05	WT1-37_count1	AML	0.05	0.63624
TRBV12-04	CANRKRATGGELFF	TRBJ02-02	WT1-37_count1	AML	0.05	0.63624
TRBV03-01	CASSQSGTREYF	TRBJ02-05	WT1-37_count1	AML	0.05	0.63624
TRBV06-04	CASEETSGANEQFF	TRBJ02-01	WT1-37_count1	AML	0.05	0.63624
TRBV20-01	CSASSGGTSTDTQYF	TRBJ02-03	WT1-37_count1	AML	0.05	0.63624
TRBV10-03	CAISESMGKRGRQETQYF	TRBJ02-05	WT1-37_count1	AML	0.05	0.63624
TRBV14	CASSQDPAGLSPLHF	TRBJ01-06	WT1-37_count1	AML	0.05	0.63624
TRBV30	CAWSTDDGGTEAFF	TRBJ01-01	WT1-37_count1	AML	0.05	0.63624
TRBV04-01	CASSLGQENTEAFF	TRBJ01-01	WT1-37_count1	AML	0.05	0.63624
TRBV06-01	CASSDPRGASRDGYTF	TRBJ01-02	WT1-37_count1	AML	0.05	0.63624
TRBV20-01	CSARVTEYEQYF	TRBJ02-07	WT1-37_count1	AML	0.05	0.63624
TRBV06-04	CASSEGAKDTQYF	TRBJ02-03	WT1-37_count1	AML	0.05	0.63624
TRBV07-03	CASRFNGGNQETQYF	TRBJ02-05	WT1-37_count1	AML	0.05	0.63624
TRBV06-06	CASSNNRGASRDGYTF	TRBJ01-02	WT1-37_count1	AML	0.05	0.63624
TRBV06-01	CASTATSGANEQFF	TRBJ02-01	WT1-37_count1	AML	0.05	0.63624
TRBV29-01	CSVAWTGHSPLHF	TRBJ01-06	WT1-37_count1	AML	0.05	0.63624
TRBV06-05	CASSKRQGQTTEAFF	TRBJ01-01	WT1-126_count1	AML	0.05	0.64792
TRBV03-01	CASSRREAGAFF	TRBJ01-01	WT1-126_count1	AML	0.05	0.64792
TRBV03-01	CASSQDFTKDYGYTF	TRBJ01-02	WT1-126_count1	AML	0.05	0.64792
TRBV02	CASSEQGKITEAFF	TRBJ01-01	WT1-126_count1	AML	0.05	0.64792
TRBV30	CAWGNRGPEAFF	TRBJ01-01	WT1-126_count1	AML	0.05	0.64792
TRBV18	CASSRRDPHNEQFF	TRBJ02-01	WT1-126_count1	AML	0.05	0.64792
TRBV10-03	CAVGQATNEKLFF	TRBJ01-04	WT1-126_count1	AML	0.05	0.64792
TRBV05-01	CASSYGLRNSPLHF	TRBJ01-06	WT1-126_count1	AML	0.05	0.64792
TRBV07-08	CASSLAGTGGEAFF	TRBJ01-01	WT1-126_count1	AML	0.05	0.64792
TRBV18	CASSPIQGGKIMNTEAFF	TRBJ01-01	WT1-126_count1	AML	0.05	0.64792
TRBV20-01	CSASNRQGGYTEAFF	TRBJ01-01	WT1-126_count1	AML	0.05	0.64792
TRBV10-03	CAISTGAYEQYF	TRBJ02-07	WT1-126_count1	AML	0.05	0.64792
TRBV12-04	CASSLDPTGGGAFF	TRBJ01-01	WT1-126_count1	AML	0.05	0.64792
TRBV07-02	CASSSSGLAGYEQYF	TRBJ02-07	WT1-126_count1	AML	0.05	0.64792
TRBV19	CASKERTNTEAFF	TRBJ01-01	WT1-126_count1	AML	0.05	0.64792
TRBV11-02	CASSLVRSRGNIQYF	TRBJ02-04	WT1-126_count1	AML	0.05	0.64792
TRBV05-04	CASSLRDRAYEQYF	TRBJ02-07	WT1-126_count1	AML	0.05	0.64792
TRBV18	CASSQLANEQFF	TRBJ02-01	WT1-126_count1	AML	0.05	0.64792
TRBV09	CASSVEVRGANNEQFF	TRBJ02-01	WT1-126_count1	AML	0.05	0.64792
TRBV03-01	CASSQAGGGGWGEQYF	TRBJ02-07	WT1-126_count1	AML	0.05	0.64792
TRBV07-02	CASSLRGTGPSYEQYF	TRBJ02-07	WT1-126_count1	AML	0.05	0.64792
TRBV30	CACQAGGTSGGYTF	TRBJ01-02	WT1-126_count1	AML	0.05	0.64792
TRBV07-02	CASSLASGANEQFF	TRBJ02-01	WT1-126_count1	AML	0.05	0.64792
TRBV04-02	CASSQGTGGASRDGYTF	TRBJ01-02	WT1-126_count1	AML	0.05	0.64792
TRBV02	CASTAQGPTGEYF	TRBJ02-04	WT1-126_count1	AML	0.05	0.64792
TRBV06-04	CASSEDMNTEAFF	TRBJ01-01	WT1-37_count1	AML	0.04	0.72045
TRBV05-01	CASSLRTLNTEAFF	TRBJ01-01	WT1-37_count1	AML	0.04	0.72045
TRBV29-01	CSVGGGQDYGYTF	TRBJ01-02	WT1-37_count1	AML	0.04	0.72045
TRBV06-01	CASTATSGGYNEQFF	TRBJ02-01	WT1-37_count1	AML	0.04	0.72045
TRBV05-01	CASSFMGNTEAFF	TRBJ01-01	WT1-37_count1	AML	0.04	0.72045
TRBV07-06	CASRSLLNTEAFF	TRBJ01-01	WT1-37_count1	AML	0.04	0.72045
TRBV18	CASSPRGGSHYGYTF	TRBJ01-02	WT1-37_count1	AML	0.04	0.72045
TRBV20-01	CSAPEGIYGYTF	TRBJ01-02	WT1-37_count1	AML	0.04	0.72045
TRBV07-02	CASNPTRAEEAFF	TRBJ01-01	WT1-37_count1	AML	0.04	0.72045
TRBV15	CATSRETGYEQYF	TRBJ02-07	WT1-37_count1	AML	0.04	0.72045
TRBV15	CATREEGNTIYF	TRBJ01-03	WT1-37_count1	AML	0.04	0.72045
TRBV05-01	CASSFPAGKPYF	TRBJ02-07	WT1-37_count1	AML	0.04	0.72045
TRBV04-01	CASSLFLAGGRADTQYF	TRBJ02-03	WT1-37_count1	AML	0.04	0.72045
TRBV10-03	CAISEPRLAPADTQYF	TRBJ02-03	WT1-37_count1	AML	0.04	0.72045
TRBV06-03	CASNRGASYYGYTF	TRBJ01-02	WT1-37_count1	AML	0.04	0.72045
TRBV07-09	CASSLILDNTEAFF	TRBJ01-01	WT1-37_count1	AML	0.04	0.72045
TRBV05-01	CASSGRLAGNSPLHF	TRBJ01-06	WT1-37_count1	AML	0.04	0.72045
TRBV05-04	CASSLKRGTQYF	TRBJ02-03	WT1-37_count1	AML	0.04	0.72045
TRBV07-09	CASSRHGQGLNQPQHF	TRBJ01-05	WT1-37_count1	AML	0.04	0.72045
TRBV20-01	CSAQTWDRGVRNYGYTF	TRBJ01-02	WT1-37_count1	AML	0.04	0.72045
TRBV29-01	CSVAWTGPGGYTF	TRBJ01-02	WT1-126_count1	AML	0.04	0.74153
TRBV24-01	CATSDRIPGQEIYGYTF	TRBJ01-02	WT1-126_count1	AML	0.04	0.74153
TRBV20-01	CSATRTGGNIQYF	TRBJ02-04	WT1-126_count1	AML	0.04	0.74153
TRBV06-05	CASSPGSESSEQYF	TRBJ02-03	WT1-126_count1	AML	0.04	0.74153
TRBV05-01	CASSPGQSNTEAFF	TRBJ01-01	WT1-126_count1	AML	0.04	0.74153
TRBV30	CAWSEGGFGQPQHF	TRBJ01-05	WT1-126_count1	AML	0.04	0.74153
TRBV12-04	CASSPTLGNPSPLHF	TRBJ01-06	WT1-126_count1	AML	0.04	0.74153
TRBV04-01	CASSQSSQGLTEAFF	TRBJ01-01	WT1-126_count1	AML	0.04	0.74153
TRBV06-06	CASTEGANTEAFF	TRBJ01-01	WT1-126_count1	AML	0.04	0.74153
TRBV20-01	CSARDPAMRPDSPLHF	TRBJ01-06	WT1-126_count1	AML	0.04	0.74153
TRBV10-03	CAISESGSFYEKLFF	TRBJ01-04	WT1-126_count1	AML	0.04	0.74153
TRBV10-03	CAISGRTDGRPQHF	TRBJ01-05	WT1-126_count1	AML	0.04	0.74153
TRBV05-01	CASSLDRESGYGYTF	TRBJ01-02	WT1-126_count1	AML	0.04	0.74153
TRBV06-01	CASRVVLSSAGNTIYF	TRBJ01-03	WT1-126_count1	AML	0.04	0.74153
TRBV06-03	CASRTVLADTGELFF	TRBJ02-02	WT1-126_count1	AML	0.04	0.74153
TRBV05-05	CASSMGGQGEAFF	TRBJ01-01	WT1-126_count1	AML	0.04	0.74153
TRBV02	CASTTRGETQYF	TRBJ02-05	WT1-126_count1	AML	0.04	0.74153
TRBV09	CASSGSLSGVNTGELFF	TRBJ02-02	WT1-126_count1	AML	0.04	0.74153
TRBV20-01	CSAIRPGQGGFWRNTEAFF	TRBJ01-01	WT1-126_count1	AML	0.04	0.74153
TRBV30	CAWSLTGGNGYTF	TRBJ01-02	WT1-126_count1	AML	0.04	0.74153
TRBV04-01	CASSQEAFNYEQYF	TRBJ02-07	WT1-126_count1	AML	0.04	0.74153
TRBV09	CASSVGSLGANVLTF	TRBJ02-06	WT1-126_count1	AML	0.04	0.74153
TRBV02	CASTAQGPTGEQYF	TRBJ02-07	WT1-126_count1	AML	0.04	0.74153
TRBV24-01	CATSDLGERAFF	TRBJ01-01	WT1-126_count1	AML	0.04	0.74153
TRBV20-01	CSAGRGPPKAVSPLHF	TRBJ01-06	WT1-126_count1	AML	0.04	0.74153
TRBV05-01	CASSFEGANTEAFF	TRBJ01-01	WT1-126_count1	AML	0.04	0.74153
TRBV05-01	CASSLGQNYGYTF	TRBJ01-02	WT1-126_count1	AML	0.04	0.74153
TRBV20-01	CSASPILRTAEAFF	TRBJ01-01	WT1-126_count1	AML	0.04	0.74153
TRBV04-01	CASSLGQENTEAFF	TRBJ01-01	WT1-126_count1	AML	0.04	0.74153
TRBV07-02	CASSLERGTSGRFQFF	TRBJ02-01	WT1-126_count1	AML	0.04	0.74153
TRBV20-01	CSAREQGSYTF	TRBJ01-02	WT1-126_count1	AML	0.04	0.74153
TRBV07-09	CASSRHGQGLNQPQHF	TRBJ01-05	WT1-126_count1	AML	0.04	0.74153
TRBV07-02	CASSLAAGTEAFF	TRBJ01-01	WT1-37_count1	AML	0.03	0.80729
TRBV12-04	CASSLTTGSGGYTF	TRBJ01-02	WT1-37_count1	AML	0.03	0.80729
TRBV20-01	CSARDPAMRPDSPLHF	TRBJ01-06	WT1-37_count1	AML	0.03	0.80729
TRBV20-01	CSASGNTEAFF	TRBJ01-01	WT1-37_count1	AML	0.03	0.80729
TRBV07-06	CASSPIGGQQPQHF	TRBJ01-05	WT1-37_count1	AML	0.03	0.80729
TRBV05-06	CASSLLSGGNEQFF	TRBJ02-01	WT1-37_count1	AML	0.03	0.80729
TRBV06-03	CASRTVLADTGELFF	TRBJ02-02	WT1-37_count1	AML	0.03	0.80729
TRBV06-05	CATTGRGGSYNSPLHF	TRBJ01-06	WT1-37_count1	AML	0.03	0.80729
TRBV15	CATSRVKGTQGEAFF	TRBJ01-01	WT1-37_count1	AML	0.03	0.80729
TRBV05-05	CASSLVQETQYF	TRBJ02-05	WT1-37_count1	AML	0.03	0.80729
TRBV04-02	CASSPQLAGDYNEQFF	TRBJ02-01	WT1-37_count1	AML	0.03	0.80729
TRBV07-02	CASSRQSSEEEKLFF	TRBJ01-04	WT1-37_count1	AML	0.03	0.80729
TRBV07-02	CASSLVRGDQPQHF	TRBJ01-05	WT1-37_count1	AML	0.03	0.80729
TRBV15	CATSTTGGANTEAFF	TRBJ01-01	WT1-37_count1	AML	0.03	0.80729
TRBV20-01	CSAGRGPPKAVSPLHF	TRBJ01-06	WT1-37_count1	AML	0.03	0.80729
TRBV12-04	CASRGVHYGYTF	TRBJ01-02	WT1-37_count1	AML	0.03	0.80729
TRBV04-01	CASSPRGQGSTDTQYF	TRBJ02-03	WT1-37_count1	AML	0.03	0.80729
TRBV07-02	CASSTGSQGPNEKLFF	TRBJ01-04	WT1-37_count1	AML	0.03	0.80729
TRBV04-01	CASSQVNGASYTF	TRBJ01-02	WT1-37_count1	AML	0.03	0.80729
TRBV30	CACQAGGTSGGYTF	TRBJ01-02	WT1-37_count1	AML	0.03	0.80729
TRBV12-04	CASSLDPTGTEAFF	TRBJ01-01	WT1-37_count1	AML	0.03	0.80729
TRBV06-04	CASSEDMNTEAFF	TRBJ01-01	WT1-126_count1	AML	0.03	0.83399
TRBV05-01	CASSLRTLNTEAFF	TRBJ01-01	WT1-126_count1	AML	0.03	0.83399
TRBV07-02	CASSYTGMSNQPQHF	TRBJ01-05	WT1-126_count1	AML	0.03	0.83399
TRBV04-03	CASSQVIGGTGSGANVLTF	TRBJ02-06	WT1-126_count1	AML	0.03	0.83399
TRBV07-02	CASSLASGGNTGELFF	TRBJ02-02	WT1-126_count1	AML	0.03	0.83399
TRBV20-01	CSAPEGIYGYTF	TRBJ01-02	WT1-126_count1	AML	0.03	0.83399
TRBV02	CASRRDSLNQPQHF	TRBJ01-05	WT1-126_count1	AML	0.03	0.83399
TRBV12-04	CASSREQGARGYTF	TRBJ01-02	WT1-126_count1	AML	0.03	0.83399
TRBV05-01	CASSQTAKNTEAFF	TRBJ01-01	WT1-126_count1	AML	0.03	0.83399
TRBV30	CAWSVRVQETQYF	TRBJ02-05	WT1-126_count1	AML	0.03	0.83399
TRBV05-01	CASSLGTSGGNNEQFF	TRBJ02-01	WT1-126_count1	AML	0.03	0.83399
TRBV15	CATSRVKGTQGEAFF	TRBJ01-01	WT1-126_count1	AML	0.03	0.83399
TRBV20-01	CSASGPTFSGNTIYF	TRBJ01-03	WT1-126_count1	AML	0.03	0.83399
TRBV07-09	CASSLILDNTEAFF	TRBJ01-01	WT1-126_count1	AML	0.03	0.83399
TRBV07-02	CASSLGRTNYGYTF	TRBJ01-02	WT1-126_count1	AML	0.03	0.83399
TRBV24-01	CATSAVGQGYEQFF	TRBJ02-01	WT1-126_count1	AML	0.03	0.83399
TRBV25-01	CASSEYGGQVLPVHYEKLFF	TRBJ01-04	WT1-126_count1	AML	0.03	0.83399
TRBV07-02	CASSLGVSGGVFGYTF	TRBJ01-02	WT1-126_count1	AML	0.03	0.83399
TRBV05-05	CASSLTLAGGTGELFF	TRBJ02-02	WT1-126_count1	AML	0.03	0.83399
TRBV03-01	CASSQPQGVGNNEQFF	TRBJ02-01	WT1-126_count1	AML	0.03	0.83399
TRBV04-01	CASSPRGQGSTDTQYF	TRBJ02-03	WT1-126_count1	AML	0.03	0.83399
TRBV07-02	CASSTGSQGPNEKLFF	TRBJ01-04	WT1-126_count1	AML	0.03	0.83399
TRBV05-01	CASSLDRGIEKLFFF	TRBJ01-04	WT1-126_count1	AML	0.03	0.83399
TRBV07-03	CASRFNGGGLAPTNTGELFF	TRBJ02-02	WT1-126_count1	AML	0.03	0.83399
TRBV09	CASSGSLSGGNNEQFF	TRBJ02-01	WT1-126_count1	AML	0.03	0.83399
TRBV07-02	CASSLTGQEIYGYTF	TRBJ01-02	WT1-126_count1	AML	0.03	0.83399
TRBV03-01	CASSQDFTKDYGYTF	TRBJ01-02	WT1-37_count1	AML	0.02	0.88914
TRBV05-01	CASSPGQSNTEAFF	TRBJ01-01	WT1-37_count1	AML	0.02	0.88914
TRBV04-03	CASSQDLVGAKNIQYF	TRBJ02-04	WT1-37_count1	AML	0.02	0.88914
TRBV12-04	CASSREQGARGYTF	TRBJ01-02	WT1-37_count1	AML	0.02	0.88914
TRBV05-01	CASSYGLRNSPLHF	TRBJ01-06	WT1-37_count1	AML	0.02	0.88914
TRBV07-08	CASSLAGTGGEAFF	TRBJ01-01	WT1-37_count1	AML	0.02	0.88914
TRBV05-01	CASSQTAKNTEAFF	TRBJ01-01	WT1-37_count1	AML	0.02	0.88914
TRBV05-01	CASSPNPGTPNSPLHF	TRBJ01-06	WT1-37_count1	AML	0.02	0.88914
TRBV06-01	CASRVVLSSAGNTIYF	TRBJ01-03	WT1-37_count1	AML	0.02	0.88914
TRBV18	CASSPIQGGKIMNTEAFF	TRBJ01-01	WT1-37_count1	AML	0.02	0.88914
TRBV04-02	CASSQGTGGAYGYTF	TRBJ01-02	WT1-37_count1	AML	0.02	0.88914
TRBV11-02	CASSPPSDRLNSPLHF	TRBJ01-06	WT1-37_count1	AML	0.02	0.88914
TRBV15	CATSRVTGASSGANVLTF	TRBJ02-06	WT1-37_count1	AML	0.02	0.88914
TRBV05-04	CASSTGTGRTNYGYTF	TRBJ01-02	WT1-37_count1	AML	0.02	0.88914
TRBV07-06	CASSFGGSLDTEAFF	TRBJ01-01	WT1-37_count1	AML	0.02	0.88914
TRBV29-01	CSVGGGQDYGYTF	TRBJ01-02	WT1-126_count1	AML	0.02	0.91696
TRBV06-06	CASSAIQGASYEQYF	TRBJ02-07	WT1-126_count1	AML	0.02	0.91696
TRBV18	CASSPRGGSHYGYTF	TRBJ01-02	WT1-126_count1	AML	0.02	0.91696
TRBV06-06	CASSYSAGQGAVEQFF	TRBJ02-01	WT1-126_count1	AML	0.02	0.91696
TRBV20-01	CSATGTGHSPLHF	TRBJ01-06	WT1-126_count1	AML	0.02	0.91696
TRBV05-01	CASSLEGQAYGYTF	TRBJ01-02	WT1-126_count1	AML	0.02	0.91696
TRBV20-01	CSAKAGGGIGNTIYF	TRBJ01-03	WT1-126_count1	AML	0.02	0.91696
TRBV05-01	CASSLEVGAATEAFF	TRBJ01-01	WT1-126_count1	AML	0.02	0.91696
TRBV07-06	CASSPIGGQQPQHF	TRBJ01-05	WT1-126_count1	AML	0.02	0.91696
TRBV05-01	CASSGNGLHYGYTF	TRBJ01-02	WT1-126_count1	AML	0.02	0.91696
TRBV03-01	CASSRPGLLNYGYTF	TRBJ01-02	WT1-126_count1	AML	0.02	0.91696
TRBV07-02	CASRSGGNQPQHF	TRBJ01-05	WT1-126_count1	AML	0.02	0.91696
TRBV20-01	CSARTSQGHTEAFF	TRBJ01-01	WT1-126_count1	AML	0.02	0.91696
TRBV18	CASSGGSVAYEQYF	TRBJ02-07	WT1-126_count1	AML	0.02	0.91696
TRBV20-01	CSASTDTQYF	TRBJ02-03	WT1-126_count1	AML	0.02	0.91696
TRBV06-04	CASEETSGANEQFF	TRBJ02-01	WT1-126_count1	AML	0.02	0.91696
TRBV07-08	CASSSRAVGSSYNSPLHF	TRBJ01-06	WT1-126_count1	AML	0.02	0.91696
TRBV07-08	CASSSRTSGGAWNTGELFF	TRBJ02-02	WT1-126_count1	AML	0.02	0.91696
TRBV12-04	CASTDVGSPLHF	TRBJ01-06	WT1-126_count1	AML	0.02	0.91696
TRBV05-01	CASSGRLAGNSPLHF	TRBJ01-06	WT1-126_count1	AML	0.02	0.91696
TRBV25-01	CASRDHGQAYEQYF	TRBJ02-07	WT1-126_count1	AML	0.02	0.91696
TRBV15	CATSRVTGASSGANVLTF	TRBJ02-06	WT1-126_count1	AML	0.02	0.91696
TRBV19	CASKPDRANTEAFF	TRBJ01-01	WT1-126_count1	AML	0.02	0.91696
TRBV06-06	CASRPTPAGGTGEQYF	TRBJ02-07	WT1-126_count1	AML	0.02	0.91696
TRBV06-06	CASSYSGTGGVFRSEQYF	TRBJ02-07	WT1-126_count1	AML	0.02	0.91696
TRBV04-01	CASSQVNGASYTF	TRBJ01-02	WT1-126_count1	AML	0.02	0.91696
TRBV06-06	CASSNNRGASRDGYTF	TRBJ01-02	WT1-126_count1	AML	0.02	0.91696
TRBV04-02	CASSQAGGASYEQYF	TRBJ02-07	WT1-126_count1	AML	0.02	0.91696
TRBV07-02	CASSPVGRDEKLFF	TRBJ01-04	WT1-37_count1	AML	0.01	0.95871
TRBV30	CAWTQGEYTEAFF	TRBJ01-01	WT1-37_count1	AML	0.01	0.95871
TRBV02	CASRRDSLNQPQHF	TRBJ01-05	WT1-37_count1	AML	0.01	0.95871
TRBV05-01	CASQLTSSGNTIYF	TRBJ01-03	WT1-37_count1	AML	0.01	0.95871
TRBV06-01	CASSEPDRIYGYTF	TRBJ01-02	WT1-37_count1	AML	0.01	0.95871
TRBV05-01	CASSLEGQAYGYTF	TRBJ01-02	WT1-37_count1	AML	0.01	0.95871
TRBV05-01	CASSGNGLHYGYTF	TRBJ01-02	WT1-37_count1	AML	0.01	0.95871
TRBV05-01	CASSLFSGDPTNEKLFF	TRBJ01-04	WT1-37_count1	AML	0.01	0.95871
TRBV05-01	CASSLGQGRETQYF	TRBJ02-05	WT1-37_count1	AML	0.01	0.95871
TRBV30	CAWSVRVQETQYF	TRBJ02-05	WT1-37_count1	AML	0.01	0.95871
TRBV20-01	CSASGPTFSGNTIYF	TRBJ01-03	WT1-37_count1	AML	0.01	0.95871
TRBV05-01	CASSFDGQIYNSPLHF	TRBJ01-06	WT1-37_count1	AML	0.01	0.95871
TRBV07-02	CASSLGVSGGVFGYTF	TRBJ01-02	WT1-37_count1	AML	0.01	0.95871
TRBV05-01	CASSSTSGGEETQYF	TRBJ02-05	WT1-37_count1	AML	0.01	0.95871
TRBV05-01	CASSFEGANTEAFF	TRBJ01-01	WT1-37_count1	AML	0.01	0.95871
TRBV06-05	CASSRLGRGDNQPQHF	TRBJ01-05	WT1-37_count1	AML	0.01	0.95871
TRBV20-01	CSAREQGSYTF	TRBJ01-02	WT1-37_count1	AML	0.01	0.95871
TRBV05-01	CASSLDRGIEKLFF	TRBJ01-04	WT1-37_count1	AML	0.01	0.95871
TRBV06-01	CASTATSGGYNEQFF	TRBJ02-01	WT1-126_count1	AML	0.01	0.97482
TRBV05-01	CASQLTSSGNTIYF	TRBJ01-03	WT1-126_count1	AML	0.01	0.97482
TRBV06-01	CASSEPDRIYGYTF	TRBJ01-02	WT1-126_count1	AML	0.01	0.97482
TRBV06-05	CASSNNRGTSSYNSPLHF	TRBJ01-06	WT1-126_count1	AML	0.01	0.97482
TRBV12-04	CANRKRATGGELFF	TRBJ02-02	WT1-126_count1	AML	0.01	0.97482
TRBV06-04	CASSESAGATDTQYF	TRBJ02-03	WT1-126_count1	AML	0.01	0.97482
TRBV07-02	CASSSKPGELFF	TRBJ02-02	WT1-126_count1	AML	0.01	0.97482
TRBV06-03	CASNRGASYYGYTF	TRBJ01-02	WT1-126_count1	AML	0.01	0.97482
TRBV10-03	CAISESMGKRGRQETQYF	TRBJ02-05	WT1-126_count1	AML	0.01	0.97482
TRBV19	CASSTSMNTEAFF	TRBJ01-01	WT1-126_count1	AML	0.01	0.97482
TRBV04-02	CASSQAGGANVLTF	TRBJ02-06	WT1-126_count1	AML	0.01	0.97482
TRBV15	CATSTTGGANTEAFF	TRBJ01-01	WT1-126_count1	AML	0.01	0.97482
TRBV19	CASSIGTPKSYEQYF	TRBJ02-07	WT1-126_count1	AML	0.01	0.97482
TRBV30	CAWSRQGNEKLFF	TRBJ01-04	WT1-126_count1	AML	0.01	0.97482
TRBV05-04	CASSTGTGRTNYGYTF	TRBJ01-02	WT1-126_count1	AML	0.01	0.97482
TRBV07-07	CASSHLTGANTGELFF	TRBJ02-02	WT1-126_count1	AML	0.01	0.97482
TRBV06-01	CASTATSGANEQFF	TRBJ02-01	WT1-126_count1	AML	0.01	0.97482
TRBV05-01	CASSSTGGSNTGELFF	TRBJ02-02	WT1-126_count1	AML	0.0	1.0
TRBV03-01	CASSQVSGSYGYTF	TRBJ01-02	WT1-126_count1	AML	0.0	1.0
TRBV04-02	CASSQGTGGAYGYTF	TRBJ01-02	WT1-126_count1	AML	0.0	1.0
TRBV02	CASSSRTIGIYEQYF	TRBJ02-07	WT1-126_count1	AML	0.0	1.0
TRBV10-03	CAVGQATNEKLFF	TRBJ01-04	WT1-37_count1	AML	0.0	1.0
TRBV05-01	CASTTGDRETQYF	TRBJ02-05	WT1-37_count1	AML	0.0	1.0
TRBV05-01	CASSLEVGAATEAFF	TRBJ01-01	WT1-37_count1	AML	0.0	1.0
TRBV05-01	CASSSTGGSNTGELFF	TRBJ02-02	WT1-37_count1	AML	0.0	1.0
TRBV30	CAWSLTGGNGYTF	TRBJ01-02	WT1-37_count1	AML	0.0	1.0
TRBV05-06	CASSLESGGGKNIQYF	TRBJ02-04	WT1-37_count1	AML	0.0	1.0
TRBV30	CAWSRQGNEKLFF	TRBJ01-04	WT1-37_count1	AML	0.0	1.0
TRBV18	CASSPQGYTEAFF	TRBJ01-01	WT1-37_count1	AML	0.0	1.0
