CDR3_beta,Epitope,Reads
CAGGQGPYSGANVLTF,WT1-37,"WT1-37 (4215.0), WT1-37 (22.0), IE62 (4.0), IE62 (19.0)"
CAGRVLVRLSYEQYF,WT1-37,"WT1-37 (2158.0), IE62 (1.0)"
CAIGWTVYEQYF,WT1-37,"WT1-37 (5098.0), ORF18 (2.0), WT1-37 (18.0)"
CAISPRFRTEKLFF,WT1-37,"WT1-37 (651.0), ORF18 (1.0), WT1-37 (1.0), WT1-37 (3.0)"
CARSGPQSDEQFF,WT1-37,"WT1-37 (768.0), WT1-37 (1.0), WT1-37 (1.0), ORF18 (1.0)"
CASDSGTGVQPQHF,WT1-37,"WT1-37 (1033.0), WT1-37 (1.0), IE62 (2.0)"
CASGGTGGRINGYTF,WT1-37,"WT1-37 (2157.0), ORF18 (1.0)"
CASGLVSSYEQYF,WT1-37,"WT1-37 (2378.0), ORF18 (1.0)"
CASGPWAQKYTEAFF,WT1-37,"WT1-37 (351.0), WT1-37 (2.0), IE62 (1.0)"
CASGYRGQDEQFF,WT1-37,"WT1-37 (2.0), WT1-37 (1.0), WT1-37 (6635.0), ORF18 (34.0)"
CASKGELAATYEQYF,WT1-37,"WT1-37 (1908.0), ORF18 (7.0), ORF18 (3.0), WT1-37 (2.0), WT1-37 (2.0)"
CASKPGQGSHEQYF,WT1-37,"WT1-37 (3.0), WT1-37 (2504.0), ORF18 (1.0), WT1-37 (1.0)"
CASLGQFNTEAFF,WT1-37,"WT1-37 (1261.0), WT1-126 (1.0)"
CASLNYQPQHF,WT1-37,"WT1-37 (5220.0), WT1-37 (2.0), WT1-37 (3.0), ORF18 (2.0), ORF18 (24.0), WT1-37 (16.0)"
CASNEWTGRQPQHF,WT1-37,"WT1-37 (7.0), WT1-37 (1.0), WT1-37 (4011.0), WT1-37 (5.0), WT1-126 (3.0), IE62 (1.0)"
CASNRGHTEAFF,WT1-126,"WT1-37 (1.0), WT1-126 (1.0), WT1-126 (2889.0), IE62 (1.0), ORF18 (5.0), ORF18 (2.0), ORF18 (10.0), ORF18 (4.0), WT1-37 (10.0)"
CASPGSDNKNTQYF,WT1-37,"WT1-37 (278.0), WT1-126 (1.0), WT1-37 (1.0)"
CASRGLAGESDTQYF,WT1-37,"WT1-37 (5238.0), WT1-37 (13.0), WT1-37 (4.0), WT1-37 (2.0), WT1-37 (1.0), WT1-126 (7.0), WT1-126 (6.0)"
CASRPTLDLRSYEQYF,WT1-37,"WT1-37 (8608.0), WT1-37 (22.0), WT1-37 (3.0), WT1-37 (2.0), WT1-37 (2.0), WT1-37 (1.0), WT1-126 (4.0), WT1-126 (18.0)"
CASRRAGTVNTEAFF,WT1-37,"WT1-37 (1.0), WT1-37 (588.0), WT1-37 (2.0), WT1-126 (1.0)"
CASRRPSGELFF,WT1-37,"WT1-37 (1.0), WT1-37 (644.0), ORF18 (1.0), WT1-37 (19.0)"
CASRSGTVTPRGQYF,WT1-37,"WT1-37 (1.0), WT1-37 (939.0), ORF18 (4.0)"
CASRSYEQYF,WT1-37,"WT1-37 (3458.0), WT1-37 (1.0), ORF18 (11.0), ORF18 (4.0), WT1-37 (5.0), WT1-37 (3.0), WT1-37 (1.0)"
CASRTGGVLGETQYF,WT1-37,"WT1-37 (1153.0), WT1-37 (1622.0), IE62 (8.0), WT1-37 (2.0)"
CASRVQDRLNTEAFF,WT1-37,"WT1-37 (5.0), WT1-37 (6097.0), IE62 (3.0), ORF18 (4.0), ORF18 (3.0), ORF18 (1.0), WT1-37 (13.0), WT1-37 (12.0), WT1-37 (1.0)"
CASRWRTEAFF,WT1-37,"WT1-37 (3.0), WT1-37 (1459.0), WT1-126 (1.0)"
CASSAGSRYEQYF,WT1-37,"WT1-37 (10940.0), WT1-37 (27.0), WT1-37 (9.0), WT1-37 (4.0), WT1-37 (2.0), WT1-37 (4.0), WT1-126 (10.0), WT1-126 (25.0), IE62 (4.0), IE62 (3.0), ORF18 (1.0), WT1-37 (2.0), WT1-37 (11.0)"
CASSAGTGPYEQYF,WT1-37,"WT1-37 (2801.0), WT1-37 (1.0), WT1-37 (1.0), WT1-37 (3073.0), WT1-37 (2.0), ORF18 (6.0), ORF18 (3.0), ORF18 (5.0), WT1-37 (1.0)"
CASSDDRATQETQYF,WT1-126,"WT1-126 (10382.0), WT1-126 (11.0), IE62 (7.0), IE62 (1.0), IE62 (14.0), IE62 (16.0)"
CASSDEDRMNTGELFF,WT1-37,"WT1-37 (1026.0), WT1-37 (1.0), IE62 (1.0)"
CASSDLHSEAFF,IE62,"WT1-37 (62.0), IE62 (10448.0), IE62 (3.0), ORF18 (12.0), ORF18 (42.0), ORF18 (13.0), ORF18 (26.0), ORF18 (3.0), WT1-37 (1.0), WT1-37 (6.0)"
CASSDPGQRNNEQFF,WT1-37,"WT1-37 (4730.0), WT1-37 (1.0), IE62 (1.0)"
CASSDPGVSSYNEQFF,WT1-37,"WT1-37 (2612.0), ORF18 (1.0)"
CASSDPIFSVEGYEQYF,WT1-37,"WT1-37 (1078.0), ORF18 (1.0)"
CASSDPLRRDTEAFF,WT1-37,"WT1-37 (752.0), WT1-37 (1.0), WT1-126 (4.0), IE62 (1.0)"
CASSDRLRNIQYF,WT1-37,"WT1-37 (5066.0), WT1-37 (1.0), WT1-37 (4.0), IE62 (3.0), IE62 (1.0), ORF18 (4.0), ORF18 (1.0), ORF18 (10.0), WT1-37 (8.0), WT1-37 (1.0)"
CASSDSSGSTDTQYF,WT1-37,"WT1-37 (1.0), WT1-37 (1228.0), IE62 (1.0)"
CASSDTDTQYF,WT1-37,"WT1-37 (2197.0), WT1-37 (1.0), ORF18 (3.0), ORF18 (15.0), ORF18 (4.0), WT1-37 (1.0)"
CASSDTGNHYEQYF,WT1-37,"WT1-37 (2.0), WT1-37 (4.0), WT1-37 (3431.0), WT1-37 (5.0), ORF18 (6.0)"
CASSDWGRDTGELFF,WT1-37,"WT1-37 (1291.0), ORF18 (1.0), ORF18 (1.0), WT1-37 (3.0)"
CASSEGLNSYNEQFF,WT1-37,"WT1-37 (2205.0), WT1-37 (110.0), ORF18 (3.0), ORF18 (2.0), ORF18 (4.0), WT1-37 (1.0), WT1-37 (1.0)"
CASSEQGYTDTQYF,WT1-37,"WT1-37 (2654.0), WT1-37 (1.0), ORF18 (2.0), WT1-37 (2.0), WT1-37 (2.0)"
CASSERDRGTDTQYF,WT1-37,"WT1-37 (12084.0), WT1-126 (18.0)"
CASSESSNYGYTF,WT1-37,"WT1-37 (19554.0), WT1-37 (14.0), WT1-37 (46.0), WT1-126 (3.0)"
CASSESVENTEAFF,WT1-37,"WT1-37 (936.0), IE62 (1.0), ORF18 (3.0), ORF18 (4.0), ORF18 (4.0), WT1-37 (3.0), WT1-37 (1.0)"
CASSEVAAGVSRYEQFF,WT1-37,"WT1-37 (8762.0), WT1-37 (26.0), WT1-126 (14.0), WT1-126 (2.0)"
CASSFESGYEQFF,WT1-126,"WT1-37 (13.0), WT1-126 (56381.0), WT1-126 (463.0), WT1-126 (13.0), WT1-126 (52.0), WT1-126 (2.0), WT1-126 (10.0), WT1-126 (1.0), IE62 (32.0), IE62 (12.0), IE62 (9.0), IE62 (1.0), IE62 (70.0), IE62 (63.0), IE62 (34.0), ORF18 (28.0), ORF18 (9.0), ORF18 (10.0), ORF18 (14.0), ORF18 (7.0), ORF18 (13.0), ORF18 (14.0), ORF18 (3.0), ORF18 (8.0), WT1-37 (5.0), WT1-37 (1.0), WT1-37 (11.0), WT1-37 (2.0), WT1-37 (1.0), WT1-37 (3.0), WT1-37 (4.0)"
CASSFGADTQYF,WT1-37,"WT1-37 (7095.0), IE62 (1.0), ORF18 (5.0), ORF18 (2.0), ORF18 (8.0), WT1-37 (4.0)"
CASSFGDRGLYEQYF,WT1-126,"WT1-37 (8.0), WT1-37 (2.0), WT1-37 (3.0), WT1-37 (2.0), WT1-126 (10802.0), IE62 (3.0), WT1-37 (10.0)"
CASSFGGASGVSETQYF,WT1-37,"WT1-37 (2588.0), WT1-37 (9.0), WT1-126 (5.0)"
CASSFGQLKNIQYF,WT1-37,"WT1-37 (1970.0), WT1-37 (259.0), WT1-37 (1.0), ORF18 (1.0)"
CASSFGSSGQGAYGYTF,WT1-37,"WT1-37 (1627.0), WT1-37 (1.0), WT1-126 (1.0)"
CASSFGTDLAKNIQYF,WT1-126,"WT1-37 (1.0), WT1-126 (950.0), WT1-126 (2.0)"
CASSFHSQETQYF,WT1-126,"WT1-37 (311.0), WT1-37 (300.0), WT1-37 (179.0), WT1-126 (62968.0), WT1-126 (54568.0), WT1-126 (126.0)"
CASSFITADEQFF,WT1-126,"WT1-37 (2.0), WT1-126 (1138.0), WT1-126 (1.0), ORF18 (2.0)"
CASSFLNEQFF,WT1-126,"WT1-126 (26499.0), WT1-126 (34.0), WT1-126 (10.0), IE62 (10.0), IE62 (4.0), IE62 (17.0), IE62 (1.0), IE62 (30.0), IE62 (1.0), ORF18 (2.0), ORF18 (4.0), ORF18 (2.0), ORF18 (8.0), WT1-37 (7.0), WT1-37 (1.0), WT1-37 (9.0), WT1-37 (4.0)"
CASSFMTGRETQYF,WT1-37,"WT1-37 (3944.0), WT1-37 (4.0), WT1-126 (1.0), IE62 (4.0), ORF18 (24.0), ORF18 (1.0), WT1-37 (27.0), WT1-37 (2.0), WT1-37 (50.0)"
CASSFPGQVNSPLHF,WT1-126,"WT1-37 (10.0), WT1-37 (7.0), WT1-37 (9.0), WT1-37 (20.0), WT1-37 (4.0), WT1-37 (1.0), WT1-37 (1.0), WT1-37 (1.0), WT1-126 (14198.0), WT1-126 (1008.0), WT1-126 (20.0), WT1-126 (1.0), WT1-126 (1.0), IE62 (8.0), ORF18 (1.0), ORF18 (2.0), WT1-37 (2.0), WT1-37 (2.0)"
CASSFPSGNTDTQYF,WT1-37,"WT1-37 (3.0), WT1-37 (1136.0), WT1-37 (827.0), WT1-37 (4.0), WT1-37 (2.0), WT1-37 (2.0), IE62 (2.0), IE62 (1.0), WT1-37 (1.0)"
CASSFRGGADEQFF,WT1-37,"WT1-37 (374.0), WT1-37 (102844.0), WT1-37 (189.0), WT1-37 (41662.0), WT1-126 (216.0), WT1-126 (266.0), WT1-126 (153.0)"
CASSFRGPSTDRGFHF,WT1-37,"WT1-37 (1915.0), WT1-37 (1.0), IE62 (1.0)"
CASSFRGTGDDTQYF,WT1-126,"WT1-37 (337.0), WT1-37 (7.0), WT1-37 (255.0), WT1-37 (167.0), WT1-37 (163.0), WT1-126 (181.0), WT1-126 (240.0), WT1-126 (122969.0)"
CASSFVAAGGSGNTIYF,WT1-37,"WT1-37 (10.0), WT1-37 (4299.0), WT1-126 (5.0)"
CASSGGMNTEAFF,WT1-37,"WT1-37 (2.0), WT1-37 (1057.0), WT1-37 (1.0), ORF18 (2.0), WT1-37 (2.0), WT1-37 (1.0)"
CASSGQGFPYEQYF,WT1-37,"WT1-37 (3868.0), WT1-37 (2.0), ORF18 (1.0), WT1-37 (1.0)"
CASSGRDTPYNEQFF,WT1-37,"WT1-37 (2400.0), IE62 (1.0), ORF18 (2.0), ORF18 (3.0), WT1-37 (1.0)"
CASSGTGGGNEQYF,WT1-37,"WT1-37 (7631.0), WT1-37 (680.0), WT1-37 (14.0), WT1-37 (4.0), WT1-37 (3.0), WT1-126 (8.0), WT1-126 (15.0), ORF18 (1.0), WT1-37 (2.0)"
CASSGYGMYF,WT1-37,"WT1-37 (1289.0), ORF18 (8.0), ORF18 (2.0)"
CASSGYGVYF,WT1-37,"WT1-37 (399.0), WT1-37 (3130.0), ORF18 (2.0), ORF18 (14.0), ORF18 (1.0), WT1-37 (7.0), WT1-37 (32.0)"
CASSHDALGGRGEQYF,WT1-37,"WT1-37 (438.0), WT1-37 (1.0), IE62 (4.0)"
CASSHPDSTEAFF,WT1-126,"WT1-37 (7.0), WT1-37 (4.0), WT1-37 (7.0), WT1-37 (3.0), WT1-126 (2.0), WT1-126 (4863.0), WT1-126 (6.0), IE62 (2.0), ORF18 (27.0), ORF18 (5.0), WT1-37 (3.0), WT1-37 (2.0)"
CASSHPQGNEQFF,WT1-37,"WT1-37 (4.0), WT1-37 (1692.0), ORF18 (1.0), ORF18 (4.0), ORF18 (1.0)"
CASSHRDRGNTEAFF,WT1-37,"WT1-37 (88.0), WT1-37 (59417.0), WT1-37 (377.0), WT1-37 (152931.0), WT1-37 (15.0), WT1-37 (229.0), WT1-126 (220.0), WT1-126 (306.0), WT1-126 (166.0)"
CASSHSGTLGSEQYF,WT1-126,"WT1-37 (2.0), WT1-37 (1.0), WT1-37 (1.0), WT1-126 (1103.0), WT1-126 (3.0), ORF18 (1.0)"
CASSIGRGYEQYF,WT1-37,"WT1-37 (1.0), WT1-37 (68.0), WT1-37 (48.0), WT1-37 (26755.0), WT1-37 (30.0), WT1-126 (26.0)"
CASSIGRNTEAFF,WT1-37,"WT1-37 (3.0), WT1-37 (3288.0), WT1-37 (2.0), ORF18 (5.0), WT1-37 (2.0), WT1-37 (2.0), WT1-37 (5.0)"
CASSIGRTGSGETQYF,WT1-37,"WT1-37 (1352.0), WT1-37 (2.0), ORF18 (4.0)"
CASSIHGGSYNEQFF,WT1-37,"WT1-37 (307.0), WT1-37 (1549.0), IE62 (7.0)"
CASSILAGDRETQYF,WT1-126,"WT1-126 (17657.0), WT1-126 (24.0), IE62 (8.0), IE62 (4.0), IE62 (18.0), IE62 (15.0), IE62 (1.0), ORF18 (1.0), WT1-37 (1.0)"
CASSIPGQTVYGYTF,WT1-37,"WT1-37 (2428.0), WT1-37 (3.0), WT1-37 (1.0), IE62 (1.0)"
CASSIRDTLYNEQFF,WT1-37,"WT1-37 (2668.0), WT1-37 (3.0), ORF18 (6.0)"
CASSIRDYSYNEQFF,WT1-37,"WT1-37 (21890.0), WT1-126 (88.0)"
CASSISGRALNIQYF,WT1-37,"WT1-37 (160.0), WT1-37 (212.0), IE62 (1.0)"
CASSISSGATDTQYF,WT1-37,"WT1-37 (2391.0), IE62 (1.0), WT1-37 (1.0)"
CASSISTERVTYEQYF,WT1-37,"WT1-37 (4.0), WT1-37 (8843.0), ORF18 (5.0), WT1-37 (4.0), WT1-37 (1.0)"
CASSIWERGDTQYF,WT1-37,"WT1-37 (1606.0), WT1-37 (4.0), WT1-37 (1.0), WT1-37 (2.0), WT1-37 (1.0), WT1-37 (1.0), ORF18 (1.0)"
CASSKGQGHQPQHF,WT1-37,"WT1-37 (9185.0), WT1-37 (1.0), IE62 (3.0), ORF18 (4.0), ORF18 (15.0), ORF18 (1.0), WT1-37 (1.0)"
CASSKPPGRNTEAFF,WT1-37,"WT1-37 (379.0), WT1-37 (39600.0), WT1-37 (198.0), WT1-37 (74234.0), WT1-126 (190.0), WT1-126 (282.0), WT1-126 (153.0)"
CASSLAATSTDTQYF,WT1-37,"WT1-37 (1.0), WT1-37 (1.0), WT1-37 (833.0), IE62 (1.0), WT1-37 (2.0)"
CASSLAFGRDEQYF,WT1-126,"WT1-37 (9.0), WT1-37 (3.0), WT1-37 (3.0), WT1-37 (15.0), WT1-37 (2.0), WT1-37 (11.0), WT1-37 (5.0), WT1-37 (2.0), WT1-126 (4.0), WT1-126 (1.0), WT1-126 (8440.0), WT1-126 (3193.0), WT1-126 (5.0), WT1-126 (2.0), IE62 (9.0), IE62 (1.0), IE62 (1.0), ORF18 (2.0), ORF18 (3.0), ORF18 (4.0), ORF18 (1.0)"
CASSLAGAYTDTQYF,WT1-37,"WT1-37 (13734.0), WT1-37 (20.0), WT1-126 (8.0)"
CASSLAPDRVSEQYF,WT1-37,"WT1-37 (1935.0), WT1-37 (4.0), IE62 (8.0), IE62 (2.0)"
CASSLAPGGSYEQYF,WT1-126,"WT1-126 (202.0), ORF18 (1.0)"
CASSLAYGPDEQFF,WT1-126,"WT1-37 (1.0), WT1-37 (3.0), WT1-37 (1.0), WT1-37 (1.0), WT1-126 (1087.0), WT1-126 (3.0), IE62 (1.0), WT1-37 (10.0)"
CASSLDGDTQYF,WT1-37,"WT1-37 (2.0), WT1-37 (1.0), WT1-37 (2291.0), WT1-37 (5.0), WT1-37 (3.0), IE62 (1.0), ORF18 (3.0), WT1-37 (3.0)"
CASSLEVGRDTQYF,WT1-37,"WT1-37 (4120.0), ORF18 (15.0), ORF18 (4.0), WT1-37 (5.0), WT1-37 (2.0), WT1-37 (1.0), WT1-37 (2.0)"
CASSLFAFNGVQYF,WT1-37,"WT1-37 (1.0), WT1-37 (2501.0), ORF18 (1.0), WT1-37 (1.0)"
CASSLFGTPAYEQYF,WT1-37,"WT1-37 (1.0), WT1-37 (1899.0), IE62 (4.0)"
CASSLGAGDEQFF,WT1-37,"WT1-37 (4471.0), WT1-37 (1.0), IE62 (3.0), IE62 (1.0), ORF18 (2.0), ORF18 (39.0), ORF18 (2.0), WT1-37 (1.0)"
CASSLGDRAYNEQFF,IE62,"IE62 (3390.0), IE62 (1.0), WT1-37 (1.0)"
CASSLGEDMNTEAFF,IE62,"IE62 (767.0), WT1-37 (2.0)"
CASSLGFGSDTQYF,WT1-126,"WT1-37 (26.0), WT1-37 (23.0), WT1-37 (32.0), WT1-37 (36.0), WT1-37 (11.0), WT1-37 (7.0), WT1-126 (11.0), WT1-126 (37364.0), WT1-126 (48.0), IE62 (22.0), IE62 (1.0), ORF18 (16.0), ORF18 (1.0), ORF18 (11.0), ORF18 (5.0), ORF18 (7.0), ORF18 (11.0), ORF18 (3.0), ORF18 (2.0), WT1-37 (3.0), WT1-37 (5.0)"
CASSLGGGRPHDEQYF,WT1-37,"WT1-37 (1300.0), WT1-37 (5.0), WT1-126 (4.0)"
CASSLGGHGYTF,WT1-37,"WT1-37 (2978.0), WT1-37 (6.0), WT1-37 (1.0), WT1-37 (2.0), WT1-126 (4.0), WT1-126 (6.0), IE62 (1.0), ORF18 (9.0), ORF18 (7.0), WT1-37 (1.0), WT1-37 (27.0)"
CASSLGIVSYNEQFF,WT1-37,"WT1-37 (2691.0), ORF18 (15.0)"
CASSLGLAGVVEQYF,WT1-37,"WT1-37 (136.0), IE62 (1.0)"
CASSLGPTQGYEQYF,WT1-37,"WT1-37 (2324.0), WT1-37 (1.0), WT1-37 (1.0), IE62 (2.0)"
CASSLGRGNSPLHF,WT1-126,"WT1-37 (1.0), WT1-126 (533.0)"
CASSLGTEAFF,WT1-126,"WT1-37 (1.0), WT1-126 (603.0), WT1-126 (2.0), WT1-37 (1.0), WT1-37 (2.0)"
CASSLLLQGTSGSYEQYF,WT1-37,"WT1-37 (2709.0), IE62 (5.0), IE62 (3.0)"
CASSLLNRDTGNQPQHF,WT1-126,"WT1-37 (2.0), WT1-126 (1172.0), IE62 (2.0)"
CASSLLQSGGAETQYF,WT1-126,"WT1-37 (1.0), WT1-37 (2.0), WT1-126 (837.0), WT1-126 (1.0), WT1-37 (2.0)"
CASSLLTGRPYEQYF,WT1-37,"WT1-37 (3325.0), WT1-37 (3.0), WT1-37 (1.0), ORF18 (2.0), ORF18 (2.0), WT1-37 (3.0)"
CASSLPAGGGTDTQYF,WT1-37,"WT1-37 (216.0), WT1-37 (1.0), WT1-126 (1.0)"
CASSLQGCHGYTF,WT1-37,"WT1-37 (2614.0), WT1-37 (2.0), ORF18 (2.0), ORF18 (3.0)"
CASSLQGRHGYTF,WT1-37,"WT1-37 (42.0), WT1-37 (36.0), WT1-37 (44254.0), WT1-37 (4.0), WT1-37 (54900.0), WT1-37 (23.0), WT1-37 (6.0), WT1-126 (18.0), WT1-126 (11.0), WT1-126 (10.0), IE62 (24.0), IE62 (18.0), IE62 (1.0), ORF18 (9.0), ORF18 (1.0), ORF18 (42.0), ORF18 (20.0), ORF18 (3.0), ORF18 (5.0), ORF18 (2.0), ORF18 (2.0), ORF18 (15.0), ORF18 (6.0), WT1-37 (1.0), WT1-37 (10.0), WT1-37 (5.0), WT1-37 (2.0), WT1-37 (4.0), WT1-37 (11.0), WT1-37 (5.0)"
CASSLQYGTGGTEAFF,WT1-37,"WT1-37 (69.0), WT1-37 (28436.0), WT1-126 (25.0), WT1-126 (23.0)"
CASSLRDRESTGELFF,WT1-37,"WT1-37 (2036.0), ORF18 (1.0)"
CASSLRDREVFF,WT1-37,"WT1-37 (3892.0), ORF18 (2.0), WT1-37 (5.0), WT1-37 (3.0)"
CASSLRDTYYEQYF,WT1-37,"WT1-37 (56.0), WT1-37 (59169.0), WT1-37 (135.0), WT1-126 (7.0)"
CASSLRGPDTQYF,WT1-126,"WT1-37 (1.0), WT1-126 (196.0)"
CASSLRQGYEQYF,WT1-37,"WT1-37 (4.0), WT1-37 (13.0), WT1-37 (6845.0), WT1-37 (8.0), WT1-37 (1.0), IE62 (6.0), ORF18 (11.0), ORF18 (10.0), WT1-37 (2.0), WT1-37 (5.0)"
CASSLRVAEGEQYF,WT1-37,"WT1-37 (1.0), WT1-37 (2548.0), WT1-37 (1182.0), WT1-126 (1.0)"
CASSLSGTDYEQYF,WT1-37,"WT1-37 (469.0), ORF18 (4.0)"
CASSLSQGEQFF,WT1-37,"WT1-37 (2.0), WT1-37 (1373.0), ORF18 (1.0), WT1-37 (3.0)"
CASSLVGSLLNEQFF,IE62,"IE62 (1.0), IE62 (6.0), IE62 (5.0), IE62 (12575.0), WT1-37 (5.0)"
CASSLVGSLLNEQLF,IE62,"IE62 (2.0), IE62 (3174.0), WT1-37 (4.0)"
CASSLVSGGRKDTQYF,WT1-126,"WT1-37 (6.0), WT1-37 (1.0), WT1-37 (1.0), WT1-37 (4.0), WT1-126 (4672.0)"
CASSLVSQQFF,WT1-37,"WT1-37 (184.0), WT1-37 (43.0), WT1-37 (2.0), ORF18 (1.0)"
CASSLWRGHNEQFF,WT1-37,"WT1-37 (1802.0), IE62 (1.0), ORF18 (1.0), WT1-37 (1.0)"
CASSLWTSAVDTQYF,WT1-126,"WT1-37 (1.0), WT1-37 (1.0), WT1-37 (1.0), WT1-126 (1069.0), IE62 (1.0)"
CASSLYRASTDTQYF,WT1-37,"WT1-37 (8649.0), WT1-37 (19.0), WT1-37 (1.0), WT1-126 (15.0)"
CASSLYRSDETQYF,IE62,"IE62 (12901.0), IE62 (1.0), ORF18 (1.0), WT1-37 (2.0)"
CASSLYRVGTDTQYF,WT1-37,"WT1-37 (5610.0), WT1-37 (6.0), IE62 (1.0), IE62 (8.0), WT1-37 (1.0)"
CASSNGGYSTDTQYF,WT1-126,"WT1-37 (3.0), WT1-37 (2.0), WT1-37 (2.0), WT1-126 (4634.0), IE62 (3.0)"
CASSNPGQRRSSTDTQYF,WT1-37,"WT1-37 (1.0), WT1-37 (3030.0), IE62 (1.0)"
CASSPAGGGGYTDTQYF,WT1-37,"WT1-37 (272.0), WT1-126 (1.0)"
CASSPFSNQPQHF,WT1-37,"WT1-37 (3662.0), ORF18 (6.0), ORF18 (1.0), ORF18 (15.0), WT1-37 (1.0)"
CASSPGGPYEQYF,WT1-37,"WT1-37 (4747.0), WT1-37 (722.0), WT1-37 (2.0), WT1-37 (1.0), WT1-37 (512.0), ORF18 (2.0), ORF18 (4.0), WT1-37 (2.0), WT1-37 (3.0), WT1-37 (6.0)"
CASSPGLAGYNEQFF,WT1-37,"WT1-37 (2841.0), WT1-37 (5.0), WT1-37 (3.0), WT1-37 (1.0), WT1-37 (1.0), WT1-126 (1.0), WT1-126 (9.0)"
CASSPGQGAYEQYF,WT1-37,"WT1-37 (335.0), ORF18 (2.0)"
CASSPGRSNTGELFF,WT1-37,"WT1-37 (1821.0), WT1-37 (3.0), ORF18 (2.0), ORF18 (1.0), WT1-37 (3.0), WT1-37 (16.0)"
CASSPHRLTETYEQYF,WT1-37,"WT1-37 (4067.0), WT1-37 (2.0), WT1-37 (1.0), IE62 (1.0)"
CASSPKGGSRSYEQYF,IE62,"IE62 (6.0), IE62 (1.0), IE62 (2.0), IE62 (13112.0), IE62 (3.0), IE62 (22.0), IE62 (6.0), ORF18 (1.0)"
CASSPPPRSTEAFF,WT1-126,"WT1-37 (2.0), WT1-126 (1508.0), WT1-37 (12.0), WT1-37 (4.0)"
CASSPRQGYVNTEAFF,WT1-37,"WT1-37 (653.0), ORF18 (1.0)"
CASSPSPSSYNEQFF,WT1-37,"WT1-37 (119.0), WT1-37 (140.0), WT1-37 (81.0), WT1-37 (142313.0), WT1-126 (1.0), WT1-126 (4.0)"
CASSPSTDTQYF,WT1-37,"WT1-37 (2328.0), WT1-37 (2.0), ORF18 (1.0), WT1-37 (3.0)"
CASSPYAAEQETQYF,WT1-126,"WT1-37 (23.0), WT1-37 (20.0), WT1-126 (15.0), WT1-126 (10666.0)"
CASSPYLGGNEQFF,IE62,"WT1-126 (3.0), IE62 (1.0), IE62 (4.0), IE62 (3.0), IE62 (17883.0), IE62 (1.0), ORF18 (1.0), ORF18 (1.0), ORF18 (1.0), WT1-37 (2.0), WT1-37 (1.0), WT1-37 (1.0), WT1-37 (3.0)"
CASSPYRAGWEQYF,WT1-126,"WT1-126 (15733.0), WT1-126 (13.0), IE62 (8.0), IE62 (5.0), WT1-37 (19.0), WT1-37 (3.0)"
CASSQAGQGTNEQFF,WT1-37,"WT1-37 (3.0), WT1-37 (20801.0), WT1-126 (12.0)"
CASSQDGFSETQYF,WT1-37,"WT1-37 (1.0), WT1-37 (4758.0), ORF18 (6.0), ORF18 (1.0), WT1-37 (1.0)"
CASSQDNRVSEEYF,WT1-37,"WT1-37 (17.0), WT1-37 (1.0), WT1-37 (1514.0), WT1-37 (4696.0), WT1-126 (7.0), IE62 (3.0), IE62 (17.0), ORF18 (9.0), WT1-37 (4.0), WT1-37 (3.0), WT1-37 (5.0)"
CASSQDTGQGWGTGELFF,WT1-37,"WT1-37 (1250.0), IE62 (1.0)"
CASSQEAGGPETQYF,WT1-37,"WT1-37 (6.0), WT1-37 (5998.0), WT1-37 (5.0), ORF18 (20.0), WT1-37 (1.0)"
CASSQEPAATGWGNEQFF,WT1-37,"WT1-37 (2.0), WT1-37 (337.0), WT1-37 (1.0), IE62 (2.0)"
CASSQGAPFAGGKIEQFF,WT1-37,"WT1-37 (12.0), WT1-37 (14920.0), WT1-37 (5.0), IE62 (4.0), WT1-37 (8.0)"
CASSQGGGLATEAFF,WT1-37,"WT1-37 (3.0), WT1-37 (1898.0), IE62 (1.0)"
CASSQGLGATEAFF,WT1-37,"WT1-37 (42516.0), WT1-37 (82.0), WT1-37 (52.0), WT1-37 (3.0), WT1-37 (46.0), WT1-126 (47.0), WT1-126 (75.0)"
CASSQGTGAVYEQYF,WT1-37,"WT1-37 (1115.0), WT1-37 (54.0), ORF18 (2.0), WT1-37 (1.0)"
CASSQGWASQETQYF,WT1-126,"WT1-126 (417.0), IE62 (2.0)"
CASSQIQGDGGELFF,WT1-37,"WT1-37 (2808.0), ORF18 (3.0)"
CASSQLLSGQETQYF,WT1-37,"WT1-37 (1551.0), WT1-37 (625.0), ORF18 (1.0)"
CASSQRGSVGVGELFF,WT1-126,"WT1-37 (1.0), WT1-126 (1178.0)"
CASSQTSGGPWGTDTQYF,WT1-37,"WT1-37 (4858.0), WT1-37 (2.0), WT1-37 (4.0), IE62 (1.0)"
CASSQVGLAGGKVTDTQYF,WT1-37,"WT1-37 (281.0), WT1-126 (2.0)"
CASSRGGGYGYTF,WT1-37,"WT1-37 (4313.0), WT1-37 (4.0), WT1-37 (1.0), IE62 (6.0), IE62 (3.0), ORF18 (1.0)"
CASSRGQGRYEQYF,WT1-126,"WT1-37 (4.0), WT1-37 (7.0), WT1-37 (2.0), WT1-37 (1.0), WT1-126 (10809.0), ORF18 (3.0), WT1-37 (1.0)"
CASSRLWGQGAYEQYF,WT1-126,"WT1-37 (5.0), WT1-126 (5255.0)"
CASSRPEIQETQYF,WT1-37,"WT1-37 (6100.0), WT1-37 (1.0), WT1-37 (2.0), ORF18 (18.0), ORF18 (4.0), WT1-37 (1.0)"
CASSRSGANVLTF,IE62,"WT1-37 (1.0), IE62 (2.0), IE62 (15.0), IE62 (42.0), IE62 (10.0), IE62 (11.0), IE62 (47316.0), ORF18 (10.0), ORF18 (7.0), ORF18 (11.0), ORF18 (11.0), ORF18 (7.0), ORF18 (5.0), ORF18 (1.0), WT1-37 (4.0), WT1-37 (2.0)"
CASSRSQGSTDTQYF,WT1-37,"WT1-37 (1117.0), IE62 (2.0)"
CASSSAGGYEQYF,WT1-37,"WT1-37 (3.0), WT1-37 (2091.0), WT1-126 (2.0), ORF18 (2.0), ORF18 (2.0), WT1-37 (1.0), WT1-37 (7.0)"
CASSSEPGEPRGYTF,WT1-37,"WT1-37 (9.0), WT1-37 (1.0), WT1-37 (6110.0), WT1-37 (352.0), WT1-37 (10.0), WT1-37 (2.0), ORF18 (1.0), ORF18 (2.0), ORF18 (1.0)"
CASSSEPGQATLRGQYF,WT1-37,"WT1-37 (2151.0), WT1-37 (10404.0), IE62 (1.0), WT1-37 (12.0), WT1-37 (8.0), WT1-37 (1.0)"
CASSSGQGDTGELFF,WT1-37,"WT1-37 (5698.0), WT1-37 (78.0), WT1-37 (39776.0), WT1-126 (43.0), WT1-126 (74.0)"
CASSSGTGAYEQYF,WT1-37,"WT1-37 (1814.0), ORF18 (2.0)"
CASSSPFADYEQYF,WT1-37,"WT1-37 (2836.0), WT1-37 (2.0), IE62 (2.0)"
CASSSPPRPGQETQYF,WT1-37,"WT1-37 (2125.0), ORF18 (1.0)"
CASSSRAVRAQYF,WT1-37,"WT1-37 (1.0), WT1-37 (2331.0), ORF18 (2.0)"
CASSSRDRTTDTQYF,WT1-37,"WT1-37 (4.0), WT1-37 (6616.0), WT1-37 (1.0), ORF18 (10.0)"
CASSSRDSPYEQYF,WT1-37,"WT1-37 (666.0), WT1-37 (3.0), WT1-37 (1.0), WT1-37 (1.0), WT1-126 (2.0)"
CASSSTVDEQYF,WT1-37,"WT1-37 (1532.0), WT1-37 (2.0), WT1-126 (6.0)"
CASSTGLLLNEQYF,WT1-126,"WT1-37 (17.0), WT1-37 (2.0), WT1-37 (15.0), WT1-37 (17.0), WT1-37 (4.0), WT1-37 (1.0), WT1-126 (3.0), WT1-126 (11691.0), WT1-126 (12.0), IE62 (10.0), ORF18 (8.0)"
CASSTGPTERHTEAFF,WT1-37,"WT1-37 (2457.0), WT1-37 (7.0), WT1-37 (3.0), WT1-37 (2.0), WT1-37 (1.0), WT1-126 (7.0), WT1-126 (1.0)"
CASSTHDLYQPQHF,WT1-126,"WT1-37 (2.0), WT1-37 (1.0), WT1-126 (1054.0), WT1-126 (3.0)"
CASSVDGGQPQHF,WT1-37,"WT1-37 (384.0), ORF18 (2.0), WT1-37 (4.0)"
CASSVEGLAGEQFF,WT1-37,"WT1-37 (840.0), ORF18 (2.0)"
CASSVGQGAYEQYF,WT1-37,"WT1-37 (6283.0), ORF18 (1.0), ORF18 (4.0), ORF18 (1.0), WT1-37 (1.0)"
CASSVIGNFADTQYF,WT1-37,"WT1-37 (1026.0), ORF18 (1.0)"
CASSVQGERQPQHF,WT1-37,"WT1-37 (6.0), WT1-37 (8145.0), WT1-37 (1.0), WT1-37 (6.0), IE62 (2.0), IE62 (8.0), ORF18 (36.0), ORF18 (5.0), ORF18 (1.0), ORF18 (6.0), ORF18 (1.0), ORF18 (3.0), ORF18 (11.0), ORF18 (36.0), WT1-37 (39.0), WT1-37 (54.0)"
CASSVSSTWGETQYF,WT1-37,"WT1-37 (1945.0), WT1-37 (3.0), WT1-37 (1.0), WT1-37 (2.0), WT1-37 (2.0), WT1-126 (1.0), WT1-126 (7.0), IE62 (3.0)"
CASSVYLGGETQYF,WT1-37,"WT1-37 (685.0), ORF18 (1.0)"
CASSWEKLGANVLTF,WT1-37,"WT1-37 (1230.0), ORF18 (2.0)"
CASSWGGLAGDTQYF,WT1-126,"WT1-37 (5.0), WT1-37 (1.0), WT1-126 (1715.0), WT1-126 (4.0)"
CASSWGTSGGGYNEQFF,WT1-37,"WT1-37 (2275.0), WT1-37 (7.0), WT1-37 (1.0), WT1-126 (1.0), WT1-126 (4.0)"
CASSWIAAGGFEQYF,WT1-37,"WT1-37 (340.0), WT1-37 (2205.0), IE62 (1.0), IE62 (1.0), ORF18 (4.0), ORF18 (1.0)"
CASSYAGGSFDIQYF,WT1-37,"WT1-37 (7346.0), WT1-37 (3.0), IE62 (3.0), ORF18 (1.0)"
CASSYLAPDEAFF,WT1-37,"WT1-37 (23.0), WT1-37 (36.0), WT1-37 (15952.0), WT1-126 (28.0)"
CASSYSRGLGETQYF,WT1-37,"WT1-37 (994.0), WT1-126 (5.0)"
CASTGGGWDQPQHF,IE62,"IE62 (2.0), IE62 (3181.0), IE62 (1.0), IE62 (1.0), WT1-37 (4.0)"
CASTLLLRTSGKFCLGNEQYF,WT1-37,"WT1-37 (9503.0), WT1-126 (13.0)"
CASTPASQGLQFF,IE62,"WT1-126 (9.0), IE62 (6.0), IE62 (26771.0), WT1-37 (1.0), WT1-37 (23.0)"
CATAQQGAHNSPLHF,WT1-37,"WT1-37 (2.0), WT1-37 (8087.0), WT1-37 (2.0), WT1-37 (4.0), ORF18 (4.0), WT1-37 (2.0)"
CATKERDSGGDTQYF,WT1-37,"WT1-37 (2744.0), IE62 (6.0), IE62 (8.0)"
CATSDDRVGEQFF,WT1-37,"WT1-37 (441.0), WT1-37 (166.0), WT1-37 (111222.0), WT1-37 (9.0), WT1-37 (143165.0), WT1-37 (49.0), WT1-126 (33.0), WT1-126 (36.0), WT1-126 (41.0), WT1-126 (110.0), IE62 (219.0), IE62 (84.0), ORF18 (12.0), ORF18 (3.0), ORF18 (192.0), ORF18 (229.0), ORF18 (73.0), ORF18 (5.0), ORF18 (174.0), ORF18 (165.0), ORF18 (96.0), ORF18 (15.0), ORF18 (345.0), ORF18 (180.0), ORF18 (152.0), ORF18 (10.0), WT1-37 (81.0), WT1-37 (5.0), WT1-37 (67.0), WT1-37 (10.0), WT1-37 (20.0), WT1-37 (71.0), WT1-37 (17.0), WT1-37 (7.0), WT1-37 (67.0), WT1-37 (31.0), WT1-37 (68.0), WT1-37 (7.0), WT1-37 (5.0)"
CATSDFEEAAYNEQFF,WT1-37,"WT1-37 (1223.0), IE62 (1.0), ORF18 (5.0)"
CATSDFSRGGANVLTF,WT1-37,"WT1-37 (2787.0), WT1-37 (1.0), IE62 (2.0)"
CATSDGDPVQETQYF,WT1-37,"WT1-37 (3.0), WT1-37 (2426.0), WT1-126 (1.0), ORF18 (7.0), ORF18 (1.0)"
CATSDIRGTGELFF,WT1-37,"WT1-37 (2518.0), WT1-37 (1.0), ORF18 (1.0)"
CATSDLLAGDIQETQYF,WT1-126,"WT1-37 (1.0), WT1-37 (1.0), WT1-126 (1.0), WT1-126 (579.0)"
CATSDYRGNQPQHF,WT1-37,"WT1-37 (34.0), WT1-37 (17139.0), WT1-126 (19.0)"
CATSGPDREEETQYF,WT1-37,"WT1-37 (8.0), WT1-37 (13264.0), WT1-37 (14.0), WT1-126 (2.0), IE62 (6.0), ORF18 (8.0), ORF18 (1.0), ORF18 (14.0), WT1-37 (23.0), WT1-37 (3.0), WT1-37 (67.0), WT1-37 (3.0)"
CATSNAGTSFLSEQYF,WT1-37,"WT1-37 (2512.0), WT1-126 (9.0), WT1-126 (1.0)"
CATSTRQGGSEQYF,WT1-37,"WT1-37 (81.0), WT1-37 (49.0), WT1-37 (33762.0), WT1-37 (47758.0), WT1-37 (17.0), WT1-126 (18.0), WT1-126 (14.0), WT1-126 (17.0), WT1-126 (14.0), IE62 (29.0), IE62 (39.0), ORF18 (4.0), ORF18 (15.0), ORF18 (4.0), ORF18 (1.0), ORF18 (8.0), ORF18 (4.0), ORF18 (11.0), ORF18 (2.0), ORF18 (1.0), WT1-37 (5.0), WT1-37 (3.0), WT1-37 (26.0), WT1-37 (3.0), WT1-37 (5.0)"
CATTRGVFYEQYF,WT1-37,"WT1-37 (4.0), WT1-37 (4118.0), WT1-37 (8.0), WT1-37 (4.0), IE62 (3.0), WT1-37 (2.0)"
CAWNEIRNEQFF,WT1-37,"WT1-37 (927.0), WT1-37 (2.0), ORF18 (8.0)"
CAWSAGGGGYEQYF,WT1-37,"WT1-37 (3706.0), ORF18 (25.0)"
CAWSVGAGTIFYEQYF,WT1-126,"WT1-37 (2.0), WT1-37 (4.0), WT1-37 (2.0), WT1-37 (2.0), WT1-126 (2.0), WT1-126 (6364.0)"
CSADGLARHRETQYF,WT1-37,"WT1-37 (245.0), WT1-37 (2.0), ORF18 (1.0)"
CSAEQALQGSGGELFF,WT1-37,"WT1-37 (12094.0), WT1-37 (33.0), WT1-37 (3.0), WT1-37 (3.0), WT1-37 (1.0), WT1-37 (2.0), WT1-126 (15.0), WT1-126 (1.0), WT1-126 (21.0), IE62 (1.0), IE62 (2.0)"
CSAGDYNEQFF,WT1-37,"WT1-37 (1.0), WT1-37 (2970.0), WT1-126 (1.0), ORF18 (6.0), ORF18 (1.0)"
CSAGTGVSEQYF,WT1-37,"WT1-37 (2425.0), WT1-37 (2.0), IE62 (3.0), ORF18 (2.0), WT1-37 (2.0)"
CSAIWDNYEQYF,WT1-37,"WT1-37 (6760.0), ORF18 (6.0), ORF18 (1.0), ORF18 (6.0), ORF18 (2.0), ORF18 (1.0), ORF18 (1.0), WT1-37 (2.0)"
CSALEGGGTEAFF,WT1-37,"WT1-37 (1536.0), ORF18 (1.0)"
CSAPWLARDVLNTEAFF,WT1-126,"WT1-37 (2.0), WT1-126 (1166.0), WT1-126 (2.0)"
CSARAETKNIQYF,WT1-37,"WT1-37 (191.0), WT1-37 (144.0), ORF18 (1.0), WT1-37 (2.0)"
CSARDMLAASYEQYF,WT1-37,"WT1-37 (1720.0), WT1-37 (2.0), WT1-37 (1.0), WT1-126 (1.0)"
CSARDRDGSHEQFF,WT1-37,"WT1-37 (1.0), WT1-37 (7110.0), ORF18 (4.0), WT1-37 (1.0)"
CSARDRGETEQYF,WT1-126,"WT1-37 (1.0), WT1-126 (831.0)"
CSARDTAQGGGGNQPQHF,WT1-37,"WT1-37 (2302.0), WT1-37 (5.0), WT1-37 (1.0), WT1-126 (8.0)"
CSAREISWREEYNEQFF,WT1-37,"WT1-37 (3087.0), IE62 (2.0)"
CSARGSGVGGLNNEQFF,WT1-37,"WT1-37 (3832.0), IE62 (12.0)"
CSARQGYEQYF,WT1-37,"WT1-37 (1377.0), WT1-37 (6.0), WT1-126 (2.0), WT1-126 (3.0)"
CSASEGEQYF,IE62,"IE62 (19801.0), IE62 (8.0), IE62 (2.0), IE62 (3.0), IE62 (10.0), IE62 (2.0), IE62 (1.0), ORF18 (4.0), WT1-37 (8.0), WT1-37 (1.0)"
CSASYGKGGNEQFF,WT1-37,"WT1-37 (1.0), WT1-37 (399.0), ORF18 (3.0)"
CSATGTGAYEQYF,WT1-37,"WT1-37 (5787.0), ORF18 (3.0)"
CSATGTGINEQFF,WT1-37,"WT1-37 (5.0), WT1-37 (3647.0), WT1-126 (8.0), IE62 (2.0)"
CSAYGTGGDRDRTDTQYF,WT1-37,"WT1-37 (9.0), WT1-37 (11875.0), WT1-37 (56.0), IE62 (40.0), IE62 (94.0)"
CSAYLQENTEAFF,IE62,"WT1-126 (6.0), WT1-126 (9.0), IE62 (4.0), IE62 (3.0), IE62 (6.0), IE62 (6.0), IE62 (23854.0), WT1-37 (1.0)"
CSGLEGGCEQYF,WT1-37,"WT1-37 (101.0), IE62 (1.0)"
CSGLEGGYEQYF,WT1-37,"WT1-37 (1.0), WT1-37 (1940.0), WT1-37 (1.0), WT1-126 (1.0), IE62 (2.0), WT1-37 (7.0)"
CSVAQLGSEAFF,WT1-37,"WT1-37 (3.0), WT1-37 (2382.0), WT1-37 (2.0), ORF18 (1.0)"
CSVDSENSYEQYF,WT1-37,"WT1-37 (1.0), WT1-37 (3985.0), ORF18 (34.0)"
CSVEEGSEQYF,WT1-37,"WT1-37 (5839.0), ORF18 (1.0)"
CSVEGAGVNTGELFF,WT1-126,"WT1-37 (5.0), WT1-37 (3.0), WT1-126 (1589.0), WT1-126 (1.0)"
CSVEGGVTYEQYF,IE62,"IE62 (3.0), IE62 (1.0), IE62 (2.0), IE62 (1.0), IE62 (4.0), IE62 (5565.0), IE62 (11.0), IE62 (12.0), ORF18 (8.0), ORF18 (6.0), WT1-37 (3.0), WT1-37 (1.0)"
CSVEGPGTSSYEQYF,WT1-37,"WT1-37 (4293.0), WT1-37 (3.0), IE62 (2.0), ORF18 (2.0)"
CSVEKLALSADTQYF,WT1-126,"WT1-37 (3.0), WT1-37 (3.0), WT1-126 (5396.0), ORF18 (1.0)"
CSVEPMNTGELFF,WT1-37,"WT1-37 (2585.0), WT1-37 (1.0), ORF18 (1.0), WT1-37 (2.0)"
CSVETRGGPGETQYF,WT1-37,"WT1-37 (3346.0), WT1-37 (2.0), WT1-37 (2.0), ORF18 (13.0)"
CSVEVTGLQNTGELFF,WT1-37,"WT1-37 (6502.0), WT1-37 (8.0), IE62 (3.0), IE62 (7.0)"
CSVGTGNTEAFF,WT1-37,"WT1-37 (5499.0), WT1-37 (17.0), WT1-37 (1.0), IE62 (6.0), IE62 (15.0), IE62 (1.0), ORF18 (5.0), ORF18 (1.0)"
CSVVVPTVTLEAFF,WT1-37,"WT1-37 (2860.0), WT1-37 (2.0), WT1-37 (2.0), ORF18 (2.0), WT1-37 (3.0), WT1-37 (1.0)"
CSVWGTGETYEQYF,WT1-37,"WT1-37 (7087.0), IE62 (3.0)"
CSVYGDSYEQYF,WT1-37,"WT1-37 (1515.0), IE62 (5.0), IE62 (2.0)"
CASGFYTDTQYF,None selected,"WT1-37 (2485.0), WT1-37 (1.0), IE62 (2.0), ORF18 (4.0), ORF18 (10.0), ORF18 (6.0), ORF18 (5.0), ORF18 (44.0), WT1-37 (2.0), WT1-37 (93.0)"
CASGLKVTLLGDTQYF,None selected,"WT1-37 (1.0), WT1-126 (84.0)"
CASHPGGAYNEQFF,None selected,"WT1-37 (113.0), WT1-126 (4.0), IE62 (2.0), IE62 (2.0), IE62 (10465.0), ORF18 (16.0), ORF18 (2.0)"
CASLVARNTEAFF,None selected,"WT1-37 (245.0), ORF18 (3.0)"
CASNLKREDEQFF,None selected,"WT1-37 (1530.0), WT1-37 (58.0), IE62 (31.0), IE62 (9.0), ORF18 (1.0), ORF18 (4.0)"
CASRIVNTGELFF,None selected,"WT1-37 (1317.0), ORF18 (16.0), ORF18 (6.0), WT1-37 (2.0)"
CASRTESYEQYF,None selected,"WT1-37 (192.0), ORF18 (1.0), ORF18 (4.0)"
CASSDTPTGNTGELFF,None selected,"WT1-37 (1.0), WT1-37 (161.0), ORF18 (11.0)"
CASSFAGGGEQYF,None selected,"ORF18 (1.0), WT1-37 (1.0)"
CASSFESWYEQFF,None selected,"WT1-37 (1.0), WT1-126 (3.0)"
CASSFREYNGELFF,None selected,"WT1-37 (38.0), IE62 (2.0)"
CASSFSTCSANYGYTF,None selected,"WT1-37 (123.0), WT1-37 (5.0), WT1-37 (8.0), WT1-37 (111.0), WT1-126 (2.0), WT1-126 (50.0), IE62 (132.0), IE62 (10.0), ORF18 (1.0)"
CASSGGQGPGELFF,None selected,"WT1-37 (1.0), WT1-126 (43.0), ORF18 (1.0)"
CASSGQGDGYTF,None selected,"WT1-37 (185.0), ORF18 (6.0)"
CASSGSGANVLTF,None selected,"IE62 (1.0), ORF18 (1.0)"
CASSIAAGSGELFF,None selected,"WT1-37 (84.0), IE62 (1.0)"
CASSLAQASSGNTIYF,None selected,"WT1-37 (19.0), WT1-37 (21.0), WT1-126 (12.0), IE62 (22.0)"
CASSLEKGAGQPQHF,None selected,"WT1-37 (132.0), WT1-37 (53.0), IE62 (94.0), IE62 (54.0)"
CASSLESYYEQYF,None selected,"WT1-37 (95.0), IE62 (1.0)"
CASSLFPGEQFF,None selected,"WT1-37 (61.0), ORF18 (1.0)"
CASSLGDNEQFF,None selected,"WT1-37 (132.0), ORF18 (3.0)"
CASSLGETQYF,None selected,"WT1-37 (9.0), WT1-37 (1.0), WT1-37 (1.0), WT1-37 (4.0), WT1-37 (1.0), WT1-37 (4.0), WT1-37 (1.0), WT1-37 (2.0), WT1-37 (1.0), WT1-126 (6.0), WT1-126 (2971.0), WT1-126 (767.0), WT1-126 (2.0), WT1-126 (1.0), IE62 (12.0), ORF18 (5.0), ORF18 (1.0), ORF18 (1.0), ORF18 (11.0), WT1-37 (6.0), WT1-37 (3.0), WT1-37 (22.0), WT1-37 (14.0), WT1-37 (22.0), WT1-37 (1.0), WT1-37 (1.0), WT1-37 (2.0), WT1-37 (171.0), WT1-37 (18.0), WT1-37 (7.0)"
CASSLGGDTQYF,None selected,"WT1-37 (1221.0), IE62 (1.0), IE62 (3.0), ORF18 (15.0), ORF18 (2.0), ORF18 (29.0)"
CASSLGQAYEQYF,None selected,"WT1-37 (21.0), WT1-126 (6.0), WT1-126 (12.0), IE62 (15.0), ORF18 (3.0), ORF18 (2.0), ORF18 (2.0), ORF18 (1.0), ORF18 (1.0), WT1-37 (2.0), WT1-37 (1.0), WT1-37 (2.0), WT1-37 (1.0), WT1-37 (3.0), WT1-37 (3.0)"
CASSLGTGGSYNEQFF,None selected,"WT1-37 (1019.0), WT1-37 (866.0), WT1-126 (468.0), IE62 (1179.0), WT1-37 (4.0)"
CASSLIITYEQYF,None selected,"WT1-37 (8.0), WT1-37 (2.0), IE62 (3.0), IE62 (1.0)"
CASSLKPVMNTEAFF,None selected,"WT1-37 (26.0), WT1-37 (1.0), WT1-126 (14.0), WT1-126 (788.0), WT1-126 (3.0), IE62 (12.0)"
CASSLLSSGGDEQYF,None selected,"WT1-37 (203.0), IE62 (3.0)"
CASSLNYSPYGYTF,None selected,"WT1-37 (12.0), IE62 (2.0)"
CASSLRAPYEQYF,None selected,"WT1-37 (1.0), WT1-126 (237.0), ORF18 (2.0), WT1-37 (3.0)"
CASSLTGSYEQYF,None selected,"WT1-37 (3.0), WT1-37 (1470.0), WT1-37 (1.0), WT1-126 (9.0), WT1-126 (35.0), IE62 (22.0), IE62 (1.0), ORF18 (3.0), ORF18 (17.0), ORF18 (16.0), ORF18 (1.0), WT1-37 (5.0)"
CASSLTHMNTEAFF,None selected,"WT1-37 (1.0), WT1-37 (315.0), WT1-37 (40.0), ORF18 (9.0), ORF18 (1.0)"
CASSLVRGLVNTGELFF,None selected,"WT1-37 (84.0), WT1-37 (46.0), WT1-37 (23.0), IE62 (51.0), IE62 (10.0), IE62 (1.0)"
CASSNDGNTEAFF,None selected,"WT1-37 (2273.0), WT1-37 (217.0), WT1-37 (1.0), ORF18 (30.0)"
CASSPDLWTPNTEAFF,None selected,"WT1-37 (772.0), WT1-37 (2.0), WT1-37 (6.0), IE62 (10.0)"
CASSPGHEQFF,None selected,"WT1-37 (667.0), ORF18 (15.0), WT1-37 (1.0)"
CASSPGIGGYEQYF,None selected,"WT1-37 (86.0), ORF18 (1.0)"
CASSPLLQGSYEQYF,None selected,"WT1-37 (194.0), WT1-37 (145.0), IE62 (210.0), IE62 (80.0), ORF18 (3.0), ORF18 (6.0), WT1-37 (19.0), WT1-37 (1.0)"
CASSPPPGTHEQYF,None selected,"WT1-37 (219.0), WT1-37 (4.0), WT1-37 (2.0), IE62 (2.0), IE62 (4.0)"
CASSQEGLSYNSPLHF,None selected,"WT1-37 (4.0), WT1-37 (3930.0), IE62 (1.0), IE62 (3504.0), IE62 (5.0), ORF18 (1.0)"
CASSQEMPVEYYEQYF,None selected,"WT1-37 (242.0), WT1-37 (1.0), ORF18 (4.0)"
CASSQPGNYGYTF,None selected,"WT1-37 (1.0), WT1-126 (712.0), IE62 (2.0), ORF18 (29.0), ORF18 (3.0)"
CASSQVISYEQYF,None selected,"ORF18 (1.0), WT1-37 (21.0), WT1-37 (2.0)"
CASSSGHPTGGPKANYGYTF,None selected,"WT1-37 (1.0), IE62 (2.0)"
CASSSGTEQFF,None selected,"WT1-37 (2.0), WT1-37 (2.0), WT1-126 (1037.0), WT1-126 (2.0), ORF18 (13.0), ORF18 (1.0)"
CASSSHLTGDYEQYF,None selected,"WT1-37 (48.0), WT1-37 (52.0), IE62 (47.0), IE62 (20.0), IE62 (1.0), WT1-37 (1.0), WT1-37 (1.0)"
CASSSLARYEQFF,None selected,"WT1-37 (171.0), ORF18 (2.0)"
CASSTRDRWANVLTF,None selected,"WT1-37 (147.0), ORF18 (4.0)"
CASSWGSGANVLTF,None selected,"WT1-37 (152.0), ORF18 (35.0), ORF18 (2.0)"
CASSWGTGELFF,None selected,"WT1-37 (114.0), WT1-37 (199.0), ORF18 (32.0)"
CASTLTLAYHEQYF,None selected,"IE62 (198.0), ORF18 (8.0)"
CASTRGTEAFF,None selected,"WT1-126 (245.0), WT1-126 (1.0), WT1-37 (3.0)"
CATSDDRGGEQFF,None selected,"ORF18 (10.0), WT1-37 (2.0), WT1-37 (3.0)"
CATSDDRVGEQLF,None selected,"WT1-37 (1.0), ORF18 (8.0)"
CATSDDRVGEQSF,None selected,"ORF18 (1.0), WT1-37 (4.0)"
CATSDPRDPLREQFF,None selected,"WT1-37 (2.0), WT1-126 (350.0), WT1-37 (6.0)"
CATSGLDREEETQYF,None selected,"WT1-126 (1.0), WT1-37 (1.0)"
CAWNSPSYEQYF,None selected,"WT1-37 (43.0), ORF18 (3.0)"
CSALPLALDTQYF,None selected,"WT1-37 (1834.0), WT1-37 (1.0), WT1-126 (8.0), WT1-126 (1.0), WT1-126 (3.0), WT1-126 (52.0), WT1-126 (15.0), IE62 (8.0), IE62 (20.0), IE62 (2.0), IE62 (11.0), IE62 (3.0), IE62 (56295.0), IE62 (10.0), IE62 (4.0), ORF18 (19.0), ORF18 (14.0), ORF18 (3.0), ORF18 (5.0), ORF18 (1.0), WT1-37 (6.0), WT1-37 (2.0)"
CSAMEQAFF,None selected,"WT1-37 (3138.0), WT1-37 (3.0), WT1-37 (1.0), WT1-37 (2.0), ORF18 (1.0), ORF18 (157.0)"
CSARDRNTPLGEQYF,None selected,"WT1-126 (27.0), IE62 (1.0)"
CSARGTGGDLGYTF,None selected,"WT1-126 (82.0), WT1-37 (7.0)"
CSVEFSVGYTF,None selected,"WT1-37 (3.0), WT1-37 (1.0), WT1-37 (1.0), WT1-37 (2.0), WT1-126 (1287.0), WT1-126 (2.0), ORF18 (24.0)"
CSVEIAGNTGELFF,None selected,"IE62 (6.0), ORF18 (16.0)"
